,precision,recall,f1-score,support
Bauls,0.2968197879858657,0.3253012048192771,0.31040854034079246,2324.0
Bhatiali,0.19891500904159132,0.25384615384615383,0.22304832713754646,1300.0
Gidha,0.2523914643119941,0.4543046357615894,0.32450331125827814,755.0
Kajri,0.3285968028419183,0.2415932092719556,0.27845719661335844,3063.0
Maand,0.25062406390414377,0.25456389452332656,0.25257861635220125,1972.0
Sohar,0.6121752820781947,0.6464394569132724,0.6288409703504043,3609.0
Sufi,0.5448451962974784,0.5393364928909953,0.5420768497935853,3165.0
Uttarakhandi,0.43967828418230565,0.31721470019342357,0.3685393258426966,2068.0
accuracy,0.4035385626643295,0.4035385626643295,0.4035385626643295,0.4035385626643295
macro avg,0.3655057363304365,0.3790749685274992,0.36605664221110784,18256.0
weighted avg,0.40987660203238796,0.4035385626643295,0.402862144781884,18256.0
