feature,genre,n,mean,median,std,iqr
energy_mean,Bauls,8450,-5572.577910011788,-5337.4716796875,868.228088498994,1012.607666015625
energy_mean,Bhatiali,8808,-5513.18864797095,-5453.31591796875,879.7253429863109,1338.873291015625
energy_mean,Gidha,8228,-5399.633279002055,-5460.587890625,598.2478299643684,898.1265869140625
energy_mean,Kajri,20580,-5340.463634126921,-5188.1630859375,833.2826369424082,1103.370361328125
energy_mean,Maand,17796,-4958.9843245146385,-4869.26611328125,620.9484194785754,708.0408935546875
energy_mean,Sohar,12994,-5549.61793158967,-5422.554931640625,649.0412577440085,876.4290771484375
energy_mean,Sufi,19213,-5038.084447991859,-4939.5625,716.4309853810339,816.18994140625
energy_mean,Uttarakhandi,13020,-4762.562376054568,-4748.63037109375,508.63912722665,618.4036865234375
energy_std,Bauls,8450,528.7655701279499,492.1934814453125,240.72191153839574,190.45699310302734
energy_std,Bhatiali,8808,490.25556172380436,450.6057586669922,242.88930277510175,198.5147933959961
energy_std,Gidha,8228,587.6651064214859,561.5527648925781,237.5175140916053,201.21179962158203
energy_std,Kajri,20580,495.1605187830355,465.34161376953125,218.14097592023214,209.1945571899414
energy_std,Maand,17796,522.7058989944338,502.1085662841797,195.5596830429077,165.04205322265625
energy_std,Sohar,12994,553.8946195822303,523.4535217285156,185.588198986789,164.00679779052734
energy_std,Sufi,19213,476.77885946961675,449.4022216796875,190.61758943749527,171.83596801757812
energy_std,Uttarakhandi,13020,477.07862985613895,457.7044372558594,174.99277285763577,143.90738677978516
energy_max,Bauls,8450,-4436.8744876513965,-4327.87939453125,700.6734022895877,880.1412963867188
energy_max,Bhatiali,8808,-4435.6559843501645,-4329.962890625,803.595864874955,1271.2069702148438
energy_max,Gidha,8228,-4253.601062305471,-4337.69140625,628.3884978123903,1108.1904907226562
energy_max,Kajri,20580,-4224.492152599042,-4078.775634765625,738.5067851790051,941.4698486328125
energy_max,Maand,17796,-3800.7815803773055,-3733.3665771484375,591.6447876822801,726.666748046875
energy_max,Sohar,12994,-4379.791368477157,-4334.61083984375,472.6169097580194,657.01220703125
energy_max,Sufi,19213,-3975.014763652357,-3921.825439453125,568.9543834930868,736.3916015625
energy_max,Uttarakhandi,13020,-3805.531953019993,-3797.6531982421875,417.37716064616825,509.88287353515625
energy_min,Bauls,8450,-6874.623789004715,-6742.780029296875,932.3732002655289,1085.203857421875
energy_min,Bhatiali,8808,-6622.143827571747,-6552.150634765625,956.714792050398,1261.5145263671875
energy_min,Gidha,8228,-6895.6104107283245,-6805.4697265625,916.9430411933439,1230.244140625
energy_min,Kajri,20580,-6482.972341216062,-6436.645263671875,888.7352111168417,1163.1678466796875
energy_min,Maand,17796,-6174.9159877483,-6038.93115234375,849.5152444325315,929.1971435546875
energy_min,Sohar,12994,-6933.093300648978,-6849.436279296875,804.8966676710046,1032.567626953125
energy_min,Sufi,19213,-6171.1640153060025,-6043.5595703125,893.6846129559761,1008.6767578125
energy_min,Uttarakhandi,13020,-5982.326435066844,-5951.112548828125,743.4009449988313,794.1851806640625
energy_range,Bauls,8450,2437.749301035503,2352.64453125,772.1127698666775,795.2684936523438
energy_range,Bhatiali,8808,2186.487843249301,2084.6531982421875,770.868927662831,815.100830078125
energy_range,Gidha,8228,2642.0093485267057,2566.7972412109375,802.9797223854669,869.4756469726562
energy_range,Kajri,20580,2258.4801885339793,2212.591796875,758.8959828066867,816.998779296875
energy_range,Maand,17796,2374.1344069457105,2305.3642578125,708.7117767330182,692.3501586914062
energy_range,Sohar,12994,2553.301932209397,2472.842041015625,652.4422356497068,701.885498046875
energy_range,Sufi,19213,2196.1492514757465,2125.462646484375,661.8959284057769,723.265869140625
energy_range,Uttarakhandi,13020,2176.7944821781093,2131.869384765625,633.4744438558002,637.9793701171875
energy_skew,Bauls,8450,-0.21562543996453798,-0.27805154025554657,0.6157464094247238,0.6980904974043369
energy_skew,Bhatiali,8808,-0.01942197301306533,-0.0997985228896141,0.6986705364358479,0.6264012418687344
energy_skew,Gidha,8228,-0.34541664890563495,-0.2858821153640747,0.5055315808372642,0.6817896207794547
energy_skew,Kajri,20580,-0.008888683743123647,-0.09798682108521461,0.7360336459390947,0.9211041033267975
energy_skew,Maand,17796,-0.02423647055653565,0.0007114997133612633,0.5546548992750423,0.720533050596714
energy_skew,Sohar,12994,-0.2652528056353298,-0.30571891367435455,0.5499016583499371,0.6841647047549486
energy_skew,Sufi,19213,-0.07793823494838352,-0.11328694224357605,0.49962375645239593,0.5990811139345169
energy_skew,Uttarakhandi,13020,-0.2764517781722247,-0.2507966458797455,0.4633345094527488,0.5785264833830297
flux_mean,Bauls,8450,205.42800600469465,209.20079803466797,36.6139286581939,46.0887565612793
flux_mean,Bhatiali,8808,187.82600034079044,191.0855484008789,34.306834298239096,49.40834045410156
flux_mean,Gidha,8228,227.06542632900863,231.1879653930664,35.58801294074316,45.00636291503906
flux_mean,Kajri,20580,200.50089281962784,207.41961669921875,42.67887354041731,60.956748962402344
flux_mean,Maand,17796,208.09956484388624,209.98312377929688,33.777333914039076,35.3929328918457
flux_mean,Sohar,12994,215.26719430121565,215.81675720214844,26.668234690953852,26.748565673828125
flux_mean,Sufi,19213,205.43083488933127,207.18247985839844,33.672916351322066,40.81495666503906
flux_mean,Uttarakhandi,13020,206.30551153192505,205.8494873046875,25.342525961551,30.035640716552734
flux_std,Bauls,8450,189.44485892075758,182.40470123291016,68.30686749873423,80.24856567382812
flux_std,Bhatiali,8808,159.99650380028908,159.0157470703125,67.60798765612661,101.62459373474121
flux_std,Gidha,8228,223.0056338836455,214.6400146484375,70.39559661379239,94.27032089233398
flux_std,Kajri,20580,183.83096967487225,184.18507385253906,68.33797576739941,91.98254776000977
flux_std,Maand,17796,197.5856646848384,196.52259063720703,71.63139965697404,83.85034942626953
flux_std,Sohar,12994,199.32017887403768,194.03514099121094,56.18015519260298,69.61052322387695
flux_std,Sufi,19213,199.83005060013159,199.18466186523438,64.78262458980527,88.38912963867188
flux_std,Uttarakhandi,13020,187.61222999517085,191.62325286865234,63.739738063374396,76.75484085083008
flux_max,Bauls,8450,1059.0139932404468,1012.8875732421875,380.13914306132114,434.156005859375
flux_max,Bhatiali,8808,890.6797955363149,860.9151611328125,345.4301525551252,494.33128356933594
flux_max,Gidha,8228,1159.9003108093677,1123.0508422851562,383.8201986261155,468.16163635253906
flux_max,Kajri,20580,1036.2099056892655,1017.4700317382812,370.72741339700144,479.5599670410156
flux_max,Maand,17796,1053.9334339545694,1032.5875244140625,366.37716769740234,391.1262512207031
flux_max,Sohar,12994,1106.8070389094564,1074.5905151367188,336.64134433453074,455.6143035888672
flux_max,Sufi,19213,1039.8774817956205,1015.1912231445312,316.31331407891724,419.8780517578125
flux_max,Uttarakhandi,13020,1014.139302583334,1001.2706604003906,342.468606125653,419.9689025878906
flux_sum,Bauls,8450,26500.212783203126,26986.9033203125,4723.19680253792,5945.4501953125
flux_sum,Bhatiali,8808,24229.554049111626,24650.0361328125,4425.581635400357,6373.67626953125
flux_sum,Gidha,8228,29291.439997011443,29823.2470703125,4590.853672857529,5805.82080078125
flux_sum,Kajri,20580,25864.61518352794,26757.130859375,5505.5746902896835,7863.4208984375
flux_sum,Maand,17796,26844.843866280957,27087.822265625,4357.276078411209,4565.68798828125
flux_sum,Sohar,12994,27769.468062797878,27840.361328125,3440.202281324418,3450.56494140625
flux_sum,Sufi,19213,26500.577698030283,26726.5390625,4343.806206855338,5265.12890625
flux_sum,Uttarakhandi,13020,26613.410984307684,26554.583984375,3269.185847925946,3874.59765625
ac_peak_lag,Bauls,8450,1.0326627218934912,1.0,0.6995750607081757,0.0
ac_peak_lag,Bhatiali,8808,1.1022933696639419,1.0,1.2274459490519642,0.0
ac_peak_lag,Gidha,8228,1.756319883325231,1.0,3.6602460854247103,0.0
ac_peak_lag,Kajri,20580,1.1642371234207969,1.0,1.8267291881501952,0.0
ac_peak_lag,Maand,17796,1.4849404360530456,1.0,3.079256195121341,0.0
ac_peak_lag,Sohar,12994,1.005694936124365,1.0,0.32937446394518244,0.0
ac_peak_lag,Sufi,19213,1.9225524384531307,1.0,4.520310412654761,0.0
ac_peak_lag,Uttarakhandi,13020,1.2027649769585254,1.0,2.0187442635536215,0.0
ac_peak_value,Bauls,8450,0.8066982905046475,0.804730236530304,0.07534986560687018,0.10403524339199066
ac_peak_value,Bhatiali,8808,0.831102501682186,0.8344188034534454,0.08102247800704417,0.10354316234588623
ac_peak_value,Gidha,8228,0.79809222869144,0.7976201176643372,0.07490558403523653,0.10625395178794861
ac_peak_value,Kajri,20580,0.7966938291002061,0.7928044199943542,0.08761628151219404,0.12731006741523743
ac_peak_value,Maand,17796,0.7991887273852625,0.7976003885269165,0.08851748514839707,0.10981915891170502
ac_peak_value,Sohar,12994,0.8251471174142627,0.8226712942123413,0.06155189386003465,0.08033055067062378
ac_peak_value,Sufi,19213,0.750141476584965,0.7469491362571716,0.09476896174432962,0.123379647731781
ac_peak_value,Uttarakhandi,13020,0.7971757207918461,0.7923713326454163,0.07004448754731224,0.09385964274406433
ac_mean,Bauls,8450,0.0400903089917544,0.02130497619509697,0.05475918150375339,0.03990867454558611
ac_mean,Bhatiali,8808,0.0411803743498284,0.020209267735481262,0.05927424097174465,0.0420063209021464
ac_mean,Gidha,8228,0.025642174902170647,0.013763971626758575,0.03937469011807958,0.025478856055997312
ac_mean,Kajri,20580,0.042817564180038264,0.022556202486157417,0.0551732841073272,0.04722654772922397
ac_mean,Maand,17796,0.035316031712121186,0.017576553858816624,0.05136003173079478,0.031592934392392635
ac_mean,Sohar,12994,0.02837375373806965,0.016373555175960064,0.04132614830637475,0.030492459889501333
ac_mean,Sufi,19213,0.03422300861336671,0.018657147884368896,0.047385844341910344,0.03240319434553385
ac_mean,Uttarakhandi,13020,0.03081122402977181,0.01680384110659361,0.04326212996475271,0.02679973328486085
ac_std,Bauls,8450,0.24961985852591384,0.23707252740859985,0.049099209418818984,0.05036076530814171
ac_std,Bhatiali,8808,0.2602088297552325,0.24801643937826157,0.05200781210030071,0.054300904273986816
ac_std,Gidha,8228,0.24615475055469607,0.2380884289741516,0.0401520223246759,0.04887216538190842
ac_std,Kajri,20580,0.2523195224228533,0.23721414804458618,0.05511848174388458,0.06530943512916565
ac_std,Maand,17796,0.2563613906400569,0.24474260210990906,0.049415034959268585,0.050801604986190796
ac_std,Sohar,12994,0.24060219378815956,0.2318440079689026,0.0382427171227122,0.03711214289069176
ac_std,Sufi,19213,0.2518301403473475,0.24244022369384766,0.0456699425721046,0.049979791045188904
ac_std,Uttarakhandi,13020,0.25738876144274403,0.24486356228590012,0.04988270261879205,0.05608749762177467
temporal_entropy,Bauls,8450,6.867550417375282,6.886977195739746,0.09962537680467395,0.07451891899108887
temporal_entropy,Bhatiali,8808,6.846170044670746,6.866122007369995,0.12490064373006027,0.08373796939849854
temporal_entropy,Gidha,8228,6.876886815484658,6.892486572265625,0.08796111427292316,0.06895267963409424
temporal_entropy,Kajri,20580,6.83707771486629,6.866682529449463,0.11555133806752078,0.1206214427947998
temporal_entropy,Maand,17796,6.853510289279014,6.871642589569092,0.10042454632227148,0.08300328254699707
temporal_entropy,Sohar,12994,6.871883258152434,6.891359090805054,0.10693486720559557,0.06988966464996338
temporal_entropy,Sufi,19213,6.864851088015831,6.879888534545898,0.07836578817158614,0.07921504974365234
temporal_entropy,Uttarakhandi,13020,6.882149462802436,6.893615007400513,0.08127728176830984,0.06305468082427979
frame_entropy_mean,Bauls,8450,6.767765953526695,6.855425596237183,0.24491453436763383,0.10303175449371338
frame_entropy_mean,Bhatiali,8808,6.783840391930399,6.857962608337402,0.15495586157844154,0.14614129066467285
frame_entropy_mean,Gidha,8228,6.78814767020735,6.859813451766968,0.16290897940380827,0.22806787490844727
frame_entropy_mean,Kajri,20580,6.815210160754976,6.885319709777832,0.16101057179183614,0.07121896743774414
frame_entropy_mean,Maand,17796,6.879825311983589,6.894474029541016,0.06965390985983536,0.03475844860076904
frame_entropy_mean,Sohar,12994,6.862640638653821,6.872039794921875,0.08053144102488503,0.05405473709106445
frame_entropy_mean,Sufi,19213,6.874634172482958,6.900328159332275,0.0865825154393938,0.046341896057128906
frame_entropy_mean,Uttarakhandi,13020,6.897934831745247,6.905866384506226,0.048168079811312076,0.034519195556640625
frame_entropy_std,Bauls,8450,0.07908802798271355,0.05223661847412586,0.12637710284641684,0.03706619795411825
frame_entropy_std,Bhatiali,8808,0.06920022724674664,0.04673732817173004,0.10154097001133643,0.04550084937363863
frame_entropy_std,Gidha,8228,0.06666002479007428,0.04169818013906479,0.14706296217690135,0.03807181166484952
frame_entropy_std,Kajri,20580,0.048014450401105746,0.03455539233982563,0.05632076996422653,0.023172274231910706
frame_entropy_std,Maand,17796,0.046784188492942885,0.03462732955813408,0.08574940395746505,0.019942086189985275
frame_entropy_std,Sohar,12994,0.049116471452665456,0.03495979867875576,0.10214849569005538,0.02617158181965351
frame_entropy_std,Sufi,19213,0.0441268751721193,0.03065979667007923,0.07009493371786728,0.023158801719546318
frame_entropy_std,Uttarakhandi,13020,0.037822584393069424,0.03135022334754467,0.06103989900459192,0.021151187364012003
modulation_dominant_freq_bin,Bauls,8450,7.605798816568047,5.0,6.504547567118275,14.0
modulation_dominant_freq_bin,Bhatiali,8808,7.142711171662126,5.0,6.028617383178933,12.0
modulation_dominant_freq_bin,Gidha,8228,8.733592610597958,7.0,7.089848928016852,12.0
modulation_dominant_freq_bin,Kajri,20580,7.330126336248785,4.0,7.134144406202386,12.0
modulation_dominant_freq_bin,Maand,17796,9.577770285457406,10.0,7.227454469813694,14.0
modulation_dominant_freq_bin,Sohar,12994,7.561489918423888,6.0,6.1507484941919,10.0
modulation_dominant_freq_bin,Sufi,19213,11.616353510643835,13.0,9.016684576724401,17.0
modulation_dominant_freq_bin,Uttarakhandi,13020,9.010599078341015,10.0,5.524328649734551,12.0
modulation_dominant_mag,Bauls,8450,26412.0411840098,22610.6826171875,18636.12646429679,11684.595703125
modulation_dominant_mag,Bhatiali,8808,25465.587791505237,21382.32421875,18942.74622726221,11384.58251953125
modulation_dominant_mag,Gidha,8228,27728.676472783958,25028.2255859375,17504.084153288368,11725.40234375
modulation_dominant_mag,Kajri,20580,24837.342490338768,20859.7275390625,16345.346939666348,13317.84228515625
modulation_dominant_mag,Maand,17796,25823.961515159546,23353.0263671875,13952.378842692475,10839.80859375
modulation_dominant_mag,Sohar,12994,25651.41817367857,22555.5986328125,14228.261272240241,10029.08544921875
modulation_dominant_mag,Sufi,19213,23354.44656422104,20509.470703125,14344.17399636137,10120.4794921875
modulation_dominant_mag,Uttarakhandi,13020,23456.62137484924,20970.6376953125,13100.845775371034,9785.51708984375
modulation_energy,Bauls,8450,2852409444.9306507,2047272128.0,4372243788.620737,1610215488.0
modulation_energy,Bhatiali,8808,2529629205.456857,1715839616.0,3921292770.9571867,1535827904.0
modulation_energy,Gidha,8228,3395117723.321342,2664750592.0,4280452762.180745,1890952896.0
modulation_energy,Kajri,20580,2474109873.3269196,1829850880.0,3143312923.2666054,1665846560.0
modulation_energy,Maand,17796,2632077447.1654305,2130560192.0,2926911819.8877954,1392918240.0
modulation_energy,Sohar,12994,2883723568.163768,2315565824.0,2868462358.573733,1467509376.0
modulation_energy,Sufi,19213,2228078392.929787,1706873472.0,2880020008.3398647,1326891392.0
modulation_energy,Uttarakhandi,13020,2182158912.3938556,1770348544.0,2866351340.1368723,1123591808.0
modulation_centroid,Bauls,8450,16.98679193157821,17.04562323697181,2.0911353889061757,2.7932011023423176
modulation_centroid,Bhatiali,8808,16.296067741429336,16.24915365714437,2.24393483986089,2.7418700394743407
modulation_centroid,Gidha,8228,17.007260541823108,17.18835296811657,2.0771177278963275,2.817032625294104
modulation_centroid,Kajri,20580,17.3084465318201,17.431719109865654,2.2184452879673,2.9105980931252162
modulation_centroid,Maand,17796,16.752108661257452,16.857980775576543,2.236481704724462,2.7417945344032173
modulation_centroid,Sohar,12994,16.35344233574705,16.45008827224141,1.8426007224235916,2.3244213441502843
modulation_centroid,Sufi,19213,17.96607676389349,18.099831563872474,2.1496727964376316,2.547517942642667
modulation_centroid,Uttarakhandi,13020,17.0519976039176,17.14610342763728,1.8772580526162943,2.4522823217977816
rhythm_hist_dominant_bin,Bauls,8450,0.3885207100591716,0.0,1.582223360365823,0.0
rhythm_hist_dominant_bin,Bhatiali,8808,0.3018846503178928,0.0,1.3699349545916586,0.0
rhythm_hist_dominant_bin,Gidha,8228,1.4547885269810403,0.0,2.7340303146676055,0.0
rhythm_hist_dominant_bin,Kajri,20580,0.42667638483965015,0.0,1.4291222926908707,0.0
rhythm_hist_dominant_bin,Maand,17796,0.6924589795459654,0.0,1.830984731072421,0.0
rhythm_hist_dominant_bin,Sohar,12994,0.30406341388333075,0.0,1.2938125862618812,0.0
rhythm_hist_dominant_bin,Sufi,19213,1.512829854785822,0.0,2.5707365919260226,3.0
rhythm_hist_dominant_bin,Uttarakhandi,13020,0.4989247311827957,0.0,1.7031164520215194,0.0
rhythm_hist_dominant_value,Bauls,8450,0.1774635944713855,0.16947972029447556,0.05582003326491647,0.07798966020345688
rhythm_hist_dominant_value,Bhatiali,8808,0.18161273285404836,0.17249824851751328,0.05990117811290979,0.08712861686944962
rhythm_hist_dominant_value,Gidha,8228,0.17634606205368858,0.16563746333122253,0.05336118098741483,0.07447692006826401
rhythm_hist_dominant_value,Kajri,20580,0.17709429323948392,0.1686781719326973,0.056803465182116625,0.0782545693218708
rhythm_hist_dominant_value,Maand,17796,0.16232502012674555,0.1490616425871849,0.0542253852136642,0.0715157650411129
rhythm_hist_dominant_value,Sohar,12994,0.18668227774252044,0.18121521919965744,0.05498757001963559,0.07657860219478607
rhythm_hist_dominant_value,Sufi,19213,0.14626279913754936,0.13384367525577545,0.04644383520493034,0.05595549941062927
rhythm_hist_dominant_value,Uttarakhandi,13020,0.1582376469161287,0.14481619745492935,0.05416747749668086,0.06702770851552486
rhythm_hist_entropy,Bauls,8450,3.7088917281359612,3.731881856918335,0.17233471718808335,0.2217247486114502
rhythm_hist_entropy,Bhatiali,8808,3.698218739325084,3.721857786178589,0.19488279344763476,0.2516782283782959
rhythm_hist_entropy,Gidha,8228,3.7213744002751605,3.755398154258728,0.1560272214669924,0.19478029012680054
rhythm_hist_entropy,Kajri,20580,3.7064543139251027,3.7272677421569824,0.17877090801668288,0.23430246114730835
rhythm_hist_entropy,Maand,17796,3.742740673345243,3.7879979610443115,0.20647757961921415,0.20197570323944092
rhythm_hist_entropy,Sohar,12994,3.698909425443735,3.716668963432312,0.15694286593314133,0.20307451486587524
rhythm_hist_entropy,Sufi,19213,3.794421718338109,3.837331771850586,0.15335879540493547,0.17267537117004395
rhythm_hist_entropy,Uttarakhandi,13020,3.754687524153157,3.793393611907959,0.17675218731988163,0.1957240104675293
rhythm_hist_std,Bauls,8450,0.040740819349444124,0.040186988189816475,0.014516865300213662,0.01932533597573638
rhythm_hist_std,Bhatiali,8808,0.04145783287835486,0.04093697853386402,0.015540754564471418,0.021985276602208614
rhythm_hist_std,Gidha,8228,0.040355733086549266,0.03798275254666805,0.013116188286456242,0.01731562102213502
rhythm_hist_std,Kajri,20580,0.04078976280061371,0.040302010253071785,0.015001106511715259,0.020161506719887257
rhythm_hist_std,Maand,17796,0.03731743820799964,0.03487011604011059,0.014206885183919327,0.01845937082543969
rhythm_hist_std,Sohar,12994,0.04243556535710323,0.04186941683292389,0.013462420722571061,0.01785469986498356
rhythm_hist_std,Sufi,19213,0.0329530164173336,0.03033464215695858,0.012687983905117528,0.01682061329483986
rhythm_hist_std,Uttarakhandi,13020,0.03631431998008327,0.03398887999355793,0.013943920635941414,0.017757366877049208
tempogram_dominant_lag,Bauls,8450,1.0035502958579883,1.0,0.13319524846193675,0.0
tempogram_dominant_lag,Bhatiali,8808,1.000794732061762,1.0,0.07458635553728471,0.0
tempogram_dominant_lag,Gidha,8228,1.0,1.0,0.0,0.0
tempogram_dominant_lag,Kajri,20580,1.0002915451895045,1.0,0.029573519694976808,0.0
tempogram_dominant_lag,Maand,17796,1.0035963137783772,1.0,0.14531550697524712,0.0
tempogram_dominant_lag,Sohar,12994,1.0,1.0,0.0,0.0
tempogram_dominant_lag,Sufi,19213,1.0140529849581013,1.0,0.3192587916393256,0.0
tempogram_dominant_lag,Uttarakhandi,13020,1.0,1.0,0.0,0.0
tempogram_stability,Bauls,8450,10000000000.0,10000000000.0,0.0,0.0
tempogram_stability,Bhatiali,8808,10000000000.0,10000000000.0,0.0,0.0
tempogram_stability,Gidha,8228,10000000000.0,10000000000.0,0.0,0.0
tempogram_stability,Kajri,20580,10000000000.0,10000000000.0,0.0,0.0
tempogram_stability,Maand,17796,10000000000.0,10000000000.0,0.0,0.0
tempogram_stability,Sohar,12994,10000000000.0,10000000000.0,0.0,0.0
tempogram_stability,Sufi,19213,10000000000.0,10000000000.0,0.0,0.0
tempogram_stability,Uttarakhandi,13020,10000000000.0,10000000000.0,0.0,0.0
tempogram_mean_energy,Bauls,8450,0.015137446512793296,0.01515151560306549,0.0002643863809082136,4.6566128730773926e-09
tempogram_mean_energy,Bhatiali,8808,0.015123462821336862,0.01515151560306549,0.0004909802015952827,4.6566128730773926e-09
tempogram_mean_energy,Gidha,8228,0.015143157883832936,0.01515151560306549,0.00018107401272477575,4.6566128730773926e-09
tempogram_mean_energy,Kajri,20580,0.015145738719859811,0.01515151560306549,0.00019320336868229034,4.6566128730773926e-09
tempogram_mean_energy,Maand,17796,0.015126955653518287,0.01515151560306549,0.0005504395253298257,4.6566128730773926e-09
tempogram_mean_energy,Sohar,12994,0.01514012402223884,0.01515151560306549,0.000300506734289017,4.6566128730773926e-09
tempogram_mean_energy,Sufi,19213,0.015144478454521318,0.01515151560306549,0.00026206138128979104,4.6566128730773926e-09
tempogram_mean_energy,Uttarakhandi,13020,0.015139251602073264,0.01515151560306549,0.0003788466389826056,4.6566128730773926e-09
tempogram_var,Bauls,8450,0.08423400898965505,0.08152994886040688,0.013464237623899507,0.01513027772307396
tempogram_var,Bhatiali,8808,0.09017356194925412,0.08802689239382744,0.01289965066437709,0.01513843983411789
tempogram_var,Gidha,8228,0.08067539368570938,0.07850795239210129,0.01109153031492783,0.014113210141658783
tempogram_var,Kajri,20580,0.08237458959746105,0.07986778393387794,0.013544526653030341,0.015959998592734337
tempogram_var,Maand,17796,0.0829647210311286,0.08033140003681183,0.013789273138646653,0.01389310136437416
tempogram_var,Sohar,12994,0.08463350072561432,0.0822613537311554,0.01172750646276621,0.013225974515080452
tempogram_var,Sufi,19213,0.0772748431818581,0.07531274110078812,0.013033262087630308,0.014478027820587158
tempogram_var,Uttarakhandi,13020,0.08411007476527066,0.08204793184995651,0.011564843865705719,0.013589506968855858
onset_mean,Bauls,8450,106.27853305311334,103.75424194335938,38.43240943635795,47.26887512207031
onset_mean,Bhatiali,8808,89.22058854739332,88.74573135375977,36.23988461409233,55.66152477264404
onset_mean,Gidha,8228,131.2621892665304,125.0079116821289,40.571186772128456,53.370309829711914
onset_mean,Kajri,20580,102.18219897016029,104.16596984863281,40.069701720765515,53.7524471282959
onset_mean,Maand,17796,113.5149597197664,114.43684768676758,42.315357481838646,51.688316345214844
onset_mean,Sohar,12994,111.52829972936573,108.93604278564453,29.018301758100993,30.44105339050293
onset_mean,Sufi,19213,117.22585375420643,117.92530822753906,40.17866015683355,51.3631591796875
onset_mean,Uttarakhandi,13020,107.28276252886667,108.50686264038086,34.697738939616876,40.95475769042969
onset_std,Bauls,8450,199.42411004353204,194.06353759765625,71.8893249441443,86.76768493652344
onset_std,Bhatiali,8808,168.50535915714843,168.67807006835938,72.02905339378528,110.00671005249023
onset_std,Gidha,8228,233.12461770235709,225.00003051757812,72.62266099862663,98.5240592956543
onset_std,Kajri,20580,193.31828980835115,195.206298828125,72.42098099531871,99.04984664916992
onset_std,Maand,17796,207.8135466697806,208.96192932128906,75.1842255164383,87.27919006347656
onset_std,Sohar,12994,210.91283317887087,206.90451049804688,59.34130915649828,76.3983268737793
onset_std,Sufi,19213,211.46499682743485,212.63616943359375,67.43578438370038,92.03884887695312
onset_std,Uttarakhandi,13020,200.49026858487986,205.4942855834961,66.48405643449925,80.29666900634766
onset_max,Bauls,8450,1029.170432027783,985.849609375,393.3345243459951,454.5748291015625
onset_max,Bhatiali,8808,856.3068256984507,832.4276123046875,361.71907559660565,523.468505859375
onset_max,Gidha,8228,1134.2322135483923,1099.68896484375,394.6700121592256,480.470947265625
onset_max,Kajri,20580,1006.4596187847349,989.13232421875,385.45561855320904,500.9437255859375
onset_max,Maand,17796,1026.9330910502404,1011.7685546875,380.6794022990703,406.80029296875
onset_max,Sohar,12994,1084.2058885388508,1054.74853515625,348.6736840413638,475.492431640625
onset_max,Sufi,19213,1017.4085196068824,997.10400390625,327.51050697866486,436.65283203125
onset_max,Uttarakhandi,13020,988.7886001704109,979.953369140625,354.8369429930706,436.061767578125
onset_peak_count,Bauls,8450,10.724852071005918,11.0,2.48263661498997,3.0
onset_peak_count,Bhatiali,8808,10.267711171662125,10.0,2.6000746130305266,3.0
onset_peak_count,Gidha,8228,12.026616431696645,12.0,2.5522180202393328,4.0
onset_peak_count,Kajri,20580,10.760592808551992,11.0,2.8346690624663844,4.0
onset_peak_count,Maand,17796,11.099910092155541,11.0,2.8256875707703295,4.0
onset_peak_count,Sohar,12994,10.658765584115745,11.0,2.2885606690924933,3.0
onset_peak_count,Sufi,19213,12.487482433768802,13.0,2.9507040091759262,4.0
onset_peak_count,Uttarakhandi,13020,10.957450076804916,11.0,2.2246589073854057,2.0
onset_density,Bauls,8450,0.0831383881473327,0.08527131782945736,0.01924524507744163,0.023255813953488372
onset_density,Bhatiali,8808,0.07959466024544282,0.07751937984496124,0.020155617155275404,0.023255813953488372
onset_density,Gidha,8228,0.09322958474183446,0.09302325581395349,0.01978463581580878,0.031007751937984496
onset_density,Kajri,20580,0.08341544812831,0.08527131782945736,0.02197417877880918,0.031007751937984496
onset_density,Maand,17796,0.08604581466787241,0.08527131782945736,0.021904554812173096,0.031007751937984496
onset_density,Sohar,12994,0.08262608979934687,0.08527131782945736,0.01774078038056196,0.023255813953488372
onset_density,Sufi,19213,0.09680218940906048,0.10077519379844961,0.022873674489735863,0.031007751937984496
onset_density,Uttarakhandi,13020,0.08494147346360399,0.08527131782945736,0.01724541788670857,0.015503875968992248
