,missing_values,infinite_values,variance,zero_variance
energy_mean,0,0,589779.4025918746,False
energy_std,0,0,44011.535772031675,False
energy_max,0,0,443707.38855511096,False
energy_min,0,0,866587.1753978169,False
energy_range,0,0,532185.1752910499,False
energy_skew,0,0,0.3608901214912963,False
flux_mean,0,0,1261.8441789173473,False
flux_std,0,0,4614.463440538831,False
flux_max,0,0,128410.35364436556,False
flux_sum,0,0,20998349.003466215,False
ac_peak_lag,0,0,7.552916937890063,False
ac_peak_value,0,0,0.007319846572208826,False
ac_mean,0,0,0.0024901921921913835,False
ac_std,0,0,0.0023671127232654187,False
temporal_entropy,0,0,0.010234359863327814,False
frame_entropy_mean,0,0,0.01853434408642574,False
frame_entropy_std,0,0,0.00819112867180442,False
modulation_dominant_freq_bin,0,0,53.014424989790044,False
modulation_dominant_mag,0,0,243620818.2680836,False
modulation_energy,0,0,1.089675073506798e+19,False
modulation_centroid,0,0,4.7326459883077,False
rhythm_hist_dominant_bin,0,0,3.7675910779866237,False
rhythm_hist_dominant_value,0,0,0.0031082256889515113,False
rhythm_hist_entropy,0,0,0.03215023191655715,False
rhythm_hist_std,0,0,0.00020771913873068702,False
tempogram_dominant_lag,0,0,0.023409514594025682,False
tempogram_stability,0,0,0.0,True
tempogram_mean_energy,0,0,1.238518832536963e-07,False
tempogram_var,0,0,0.00017553557217689158,False
onset_mean,0,0,1561.741896043456,False
onset_std,0,0,5083.926559650307,False
onset_max,0,0,138159.7625805504,False
onset_peak_count,0,0,7.591424806596016,False
onset_density,0,0,0.0004561880179433938,False
