feature,H_statistic,p_value,n_songs,p_value_fdr_bh,significant_after_fdr
energy_min,42.32487577639745,4.5021149813840713e-07,160,1.4406767940429028e-05,0.0015625
frame_entropy_mean,37.47381987577626,3.814210609462419e-06,160,6.1027369751398706e-05,0.0015625
energy_mean,32.59509316770186,3.149300637095803e-05,160,0.00024160806784169443,0.0015625
energy_max,26.931055900621118,0.0003429374467817431,160,0.001539977556321774,0.0015625
tempogram_var,31.211413043478387,5.6832275851585925e-05,160,0.0003031054712084583,0.0015625
frame_entropy_std,32.171273291925445,3.7751260600264754e-05,160,0.00024160806784169443,0.0015625
ac_peak_value,22.30993788819876,0.002245881875773019,160,0.0051334442874811865,0.0015625
rhythm_hist_dominant_value,26.65150621118005,0.0003849943890804435,160,0.001539977556321774,0.0015625
onset_peak_count,19.06537267080745,0.007985001822680022,160,0.012167621825036223,0.0015625
onset_density,19.06537267080745,0.007985001822680022,160,0.012167621825036223,0.0015625
modulation_centroid,26.0453571428572,0.0004943554097364556,160,0.001581937311156658,0.0015625
rhythm_hist_dominant_bin,23.672650852783168,0.0013005011121960844,160,0.003468002965856225,0.0015625
rhythm_hist_std,21.55164596273289,0.0030339704332576854,160,0.005711003168485055,0.0015625
energy_range,24.449953416149015,0.0009493225735432521,160,0.002761665668489461,0.0015625
flux_sum,18.71795031055899,0.009118340457049482,160,0.012686386722851453,0.0015625
flux_mean,18.71795031055899,0.009118340457049482,160,0.012686386722851453,0.0015625
onset_mean,17.532251552795003,0.014268411458315441,160,0.019024548611087256,0.0015625
rhythm_hist_entropy,19.203959627329198,0.007571860663150481,160,0.012167621825036223,0.0015625
energy_std,20.6616149068322,0.004304628398073809,160,0.007652672707686771,0.0015625
modulation_energy,21.92422360248446,0.00261795668091937,160,0.005242205195598875,0.0015625
energy_skew,21.92119565217388,0.0026211025977994377,160,0.005242205195598875,0.0015625
flux_std,11.70419254658384,0.11071597363775361,160,0.12653254130028985,0.0015625
onset_std,11.305527950310534,0.1258361425139068,160,0.13815555526366546,0.0015625
modulation_dominant_freq_bin,13.273835403726707,0.06571093751083618,160,0.08087500001333683,0.0015625
temporal_entropy,22.59759316770186,0.0020024599969541246,160,0.0049291323001947685,0.0015625
flux_max,9.403742236024812,0.2249535423340141,160,0.2249535423340141,0.0015625
onset_max,9.582950310559056,0.2134644119021366,160,0.22035036067317326,0.0015625
modulation_dominant_mag,11.214782608695714,0.12952083305968637,160,0.13815555526366546,0.0015625
ac_std,16.205729813664504,0.02330182777328111,160,0.02982633954979982,0.0015625
ac_peak_lag,26.296767766817094,0.0004457186380129134,160,0.001581937311156658,0.0015625
ac_mean,36.39074534161489,6.116553102480912e-06,160,6.524323309312973e-05,0.0015625
tempogram_dominant_lag,12.040115766262426,0.09924733355162524,160,0.1176264693945188,0.0015625
