feature,genre,shapiro_p
energy_mean,Bauls,4.6747150506475385e-18
energy_mean,Bhatiali,3.653163039268551e-08
energy_mean,Gidha,1.768960864415668e-08
energy_mean,Kajri,2.465492527222121e-10
energy_mean,Maand,3.8267263259119776e-18
energy_mean,Sohar,1.070378853616883e-08
energy_mean,Sufi,3.434077001294175e-10
energy_mean,Uttarakhandi,2.856677728570117e-12
energy_std,Bauls,8.398470654924542e-32
energy_std,Bhatiali,1.3415510200983088e-27
energy_std,Gidha,1.5511715963900684e-21
energy_std,Kajri,7.225210334117992e-16
energy_std,Maand,4.954679707387774e-25
energy_std,Sohar,3.5084285505120485e-25
energy_std,Sufi,6.608931364194457e-22
energy_std,Uttarakhandi,7.590344834440575e-28
energy_max,Bauls,2.1477593441492517e-09
energy_max,Bhatiali,9.963180498867908e-08
energy_max,Gidha,9.380249659996616e-09
energy_max,Kajri,9.476911431702463e-11
energy_max,Maand,3.801978612024151e-10
energy_max,Sohar,0.0063236749268978385
energy_max,Sufi,0.003672083912093709
energy_max,Uttarakhandi,3.368972344237451e-07
energy_min,Bauls,3.165122372029479e-13
energy_min,Bhatiali,2.6032724798450665e-12
energy_min,Gidha,3.06307685748561e-09
energy_min,Kajri,2.5377015181319434e-08
energy_min,Maand,1.5335163450570085e-18
energy_min,Sohar,2.4796106703727214e-11
energy_min,Sufi,6.819868710781809e-12
energy_min,Uttarakhandi,1.556427968008029e-14
energy_range,Bauls,5.43394837358396e-15
energy_range,Bhatiali,4.3110175327338543e-19
energy_range,Gidha,1.910641392305305e-16
energy_range,Kajri,6.302639637409216e-22
energy_range,Maand,2.2242678809588886e-15
energy_range,Sohar,4.870318272962863e-15
energy_range,Sufi,4.613729954785217e-22
energy_range,Uttarakhandi,8.159750834051963e-12
energy_skew,Bauls,2.3404499754313276e-14
energy_skew,Bhatiali,1.6237780952225366e-22
energy_skew,Gidha,0.0011799476097876396
energy_skew,Kajri,5.310727153689239e-08
energy_skew,Maand,8.454289519471042e-06
energy_skew,Sohar,0.013786287020597423
energy_skew,Sufi,0.0017504944913418663
energy_skew,Uttarakhandi,1.0334046493206107e-11
flux_mean,Bauls,2.954736414705649e-05
flux_mean,Bhatiali,8.858269695753231e-07
flux_mean,Gidha,3.289964184481917e-06
flux_mean,Kajri,3.612294047181519e-08
flux_mean,Maand,1.2577784106248727e-07
flux_mean,Sohar,1.3451837851998547e-14
flux_mean,Sufi,1.9489770406692984e-06
flux_mean,Uttarakhandi,3.700034788935391e-11
flux_std,Bauls,1.508605587964268e-10
flux_std,Bhatiali,4.125741835844896e-08
flux_std,Gidha,8.130401004774408e-12
flux_std,Kajri,0.00028257908449774477
flux_std,Maand,0.0016071471337788209
flux_std,Sohar,5.345968881604795e-09
flux_std,Sufi,0.0006986344878136123
flux_std,Uttarakhandi,1.5370478513284274e-05
flux_max,Bauls,4.9294154429431056e-20
flux_max,Bhatiali,5.079356770835192e-09
flux_max,Gidha,4.3995236731504625e-26
flux_max,Kajri,7.80370224520775e-07
flux_max,Maand,8.72702040304709e-09
flux_max,Sohar,3.511681212757041e-05
flux_max,Sufi,3.670581513532695e-07
flux_max,Uttarakhandi,5.758389877970377e-11
flux_sum,Bauls,3.7266627361154966e-13
flux_sum,Bhatiali,8.840662320335693e-06
flux_sum,Gidha,2.3659929105653255e-05
flux_sum,Kajri,3.21468005246475e-07
flux_sum,Maand,1.484755584692355e-13
flux_sum,Sohar,4.3763797180758073e-11
flux_sum,Sufi,2.3042341330767195e-06
flux_sum,Uttarakhandi,1.9215524988587193e-09
ac_peak_lag,Bauls,1.943259599294236e-44
ac_peak_lag,Bhatiali,1.943259599294236e-44
ac_peak_lag,Gidha,4.031857441287898e-41
ac_peak_lag,Kajri,3.0523186246191525e-44
ac_peak_lag,Maand,1.2061932616788885e-42
ac_peak_lag,Sohar,1.0
ac_peak_lag,Sufi,3.648105664570696e-42
ac_peak_lag,Uttarakhandi,6.218186828030246e-44
ac_peak_value,Bauls,0.1279216533124073
ac_peak_value,Bhatiali,1.596571327546183e-07
ac_peak_value,Gidha,0.06367955712312562
ac_peak_value,Kajri,0.009350481268599768
ac_peak_value,Maand,0.003567744788311598
ac_peak_value,Sohar,0.14537548577918108
ac_peak_value,Sufi,0.0030537444531456375
ac_peak_value,Uttarakhandi,0.0015820039580397623
ac_mean,Bauls,2.6496508497914012e-27
ac_mean,Bhatiali,2.9336272611811984e-27
ac_mean,Gidha,5.839863746568639e-28
ac_mean,Kajri,3.4226388010328304e-24
ac_mean,Maand,1.4858192439192536e-28
ac_mean,Sohar,1.7750620243625715e-27
ac_mean,Sufi,2.103542323465656e-25
ac_mean,Uttarakhandi,1.1343086394735315e-30
ac_std,Bauls,2.0302371456352973e-16
ac_std,Bhatiali,2.5675480314968996e-19
ac_std,Gidha,2.286697210006928e-18
ac_std,Kajri,5.990208366000639e-19
ac_std,Maand,6.481426216471915e-18
ac_std,Sohar,9.821933629230497e-25
ac_std,Sufi,2.2543018764548114e-20
ac_std,Uttarakhandi,6.533309224881295e-16
temporal_entropy,Bauls,2.3951188192966536e-27
temporal_entropy,Bhatiali,1.9401508341544968e-25
temporal_entropy,Gidha,1.0719870777113005e-36
temporal_entropy,Kajri,1.4756028662064556e-20
temporal_entropy,Maand,1.0258387051511145e-32
temporal_entropy,Sohar,2.4943007459574605e-26
temporal_entropy,Sufi,7.721732744877019e-18
temporal_entropy,Uttarakhandi,1.1805902975518628e-42
frame_entropy_mean,Bauls,2.3562303184937592e-33
frame_entropy_mean,Bhatiali,9.321218392681438e-27
frame_entropy_mean,Gidha,6.788320474601927e-29
frame_entropy_mean,Kajri,1.0398244719761398e-29
frame_entropy_mean,Maand,8.888866210414576e-28
frame_entropy_mean,Sohar,6.443667291005233e-31
frame_entropy_mean,Sufi,3.39496698964384e-32
frame_entropy_mean,Uttarakhandi,9.696815226082002e-27
frame_entropy_std,Bauls,4.958706132966968e-38
frame_entropy_std,Bhatiali,9.510652099692996e-35
frame_entropy_std,Gidha,4.0136771292375105e-41
frame_entropy_std,Kajri,5.3254256355597965e-37
frame_entropy_std,Maand,7.913423799394542e-43
frame_entropy_std,Sohar,5.6808484522449165e-43
frame_entropy_std,Sufi,6.310859337196002e-35
frame_entropy_std,Uttarakhandi,4.803946470261218e-42
modulation_dominant_freq_bin,Bauls,4.585456120157922e-22
modulation_dominant_freq_bin,Bhatiali,8.561900256995075e-22
modulation_dominant_freq_bin,Gidha,2.154520193248393e-18
modulation_dominant_freq_bin,Kajri,1.6475785301117677e-23
modulation_dominant_freq_bin,Maand,1.5835909848082072e-18
modulation_dominant_freq_bin,Sohar,2.0147129245588494e-19
modulation_dominant_freq_bin,Sufi,1.2720837558103625e-19
modulation_dominant_freq_bin,Uttarakhandi,1.5072320199868363e-19
modulation_dominant_mag,Bauls,8.339199010827384e-35
modulation_dominant_mag,Bhatiali,2.1825216233362873e-28
modulation_dominant_mag,Gidha,7.390166881077047e-34
modulation_dominant_mag,Kajri,1.1166874000654003e-28
modulation_dominant_mag,Maand,1.061864155269633e-27
modulation_dominant_mag,Sohar,1.0928444268285507e-33
modulation_dominant_mag,Sufi,1.2861831281483765e-32
modulation_dominant_mag,Uttarakhandi,9.754732348200545e-29
modulation_energy,Bauls,8.816555962323264e-40
modulation_energy,Bhatiali,5.526499091228245e-38
modulation_energy,Gidha,1.5346986400824073e-38
modulation_energy,Kajri,3.6104499618462563e-36
modulation_energy,Maand,1.281459007455137e-35
modulation_energy,Sohar,1.7936515471188213e-35
modulation_energy,Sufi,2.8042516096035187e-35
modulation_energy,Uttarakhandi,9.399106217156178e-39
modulation_centroid,Bauls,0.03107107471388036
modulation_centroid,Bhatiali,0.12925313242383069
modulation_centroid,Gidha,0.010553706087575759
modulation_centroid,Kajri,0.007485079060087649
modulation_centroid,Maand,1.2071693278713976e-11
modulation_centroid,Sohar,8.23512015907897e-05
modulation_centroid,Sufi,1.2539862520968693e-06
modulation_centroid,Uttarakhandi,0.02869470055602687
rhythm_hist_dominant_bin,Bauls,1.641446479060151e-40
rhythm_hist_dominant_bin,Bhatiali,5.154993136685383e-40
rhythm_hist_dominant_bin,Gidha,8.382407927843117e-35
rhythm_hist_dominant_bin,Kajri,2.3236659200529367e-39
rhythm_hist_dominant_bin,Maand,1.1911075666603921e-37
rhythm_hist_dominant_bin,Sohar,8.127320535695266e-41
rhythm_hist_dominant_bin,Sufi,9.689801798419444e-32
rhythm_hist_dominant_bin,Uttarakhandi,1.0993243031326146e-38
rhythm_hist_dominant_value,Bauls,1.0689642395513576e-09
rhythm_hist_dominant_value,Bhatiali,1.1120817688160124e-10
rhythm_hist_dominant_value,Gidha,9.848736918959901e-13
rhythm_hist_dominant_value,Kajri,3.201689362866599e-10
rhythm_hist_dominant_value,Maand,4.3982823887055965e-14
rhythm_hist_dominant_value,Sohar,5.3904826417001815e-06
rhythm_hist_dominant_value,Sufi,4.131012350214252e-17
rhythm_hist_dominant_value,Uttarakhandi,1.0479687742192749e-17
rhythm_hist_entropy,Bauls,1.9869550700527836e-17
rhythm_hist_entropy,Bhatiali,2.3425823003339e-18
rhythm_hist_entropy,Gidha,1.1358182340825092e-12
rhythm_hist_entropy,Kajri,3.6201408909816085e-11
rhythm_hist_entropy,Maand,2.976618633002905e-36
rhythm_hist_entropy,Sohar,2.0911972432979135e-10
rhythm_hist_entropy,Sufi,9.787081621101727e-20
rhythm_hist_entropy,Uttarakhandi,2.2746453216539227e-15
rhythm_hist_std,Bauls,1.1503030567207243e-06
rhythm_hist_std,Bhatiali,3.5303155705765968e-06
rhythm_hist_std,Gidha,3.6894954823549094e-11
rhythm_hist_std,Kajri,1.489573112617286e-05
rhythm_hist_std,Maand,3.711333043937739e-14
rhythm_hist_std,Sohar,1.5754461181861263e-05
rhythm_hist_std,Sufi,9.339730597168612e-15
rhythm_hist_std,Uttarakhandi,8.891441998150206e-11
tempogram_dominant_lag,Bauls,1.943259599294236e-44
tempogram_dominant_lag,Bhatiali,1.0
tempogram_dominant_lag,Gidha,1.0
tempogram_dominant_lag,Kajri,1.0
tempogram_dominant_lag,Maand,1.0
tempogram_dominant_lag,Sohar,1.0
tempogram_dominant_lag,Sufi,1.943259599294236e-44
tempogram_dominant_lag,Uttarakhandi,1.0
tempogram_stability,Bauls,1.0
tempogram_stability,Bhatiali,1.0
tempogram_stability,Gidha,1.0
tempogram_stability,Kajri,1.0
tempogram_stability,Maand,1.0
tempogram_stability,Sohar,1.0
tempogram_stability,Sufi,1.0
tempogram_stability,Uttarakhandi,1.0
tempogram_mean_energy,Bauls,1.9436839363251953e-44
tempogram_mean_energy,Bhatiali,3.2476707808893805e-44
tempogram_mean_energy,Gidha,4.020770169051648e-44
tempogram_mean_energy,Kajri,1.9434022568913663e-44
tempogram_mean_energy,Maand,5.5820142479149635e-11
tempogram_mean_energy,Sohar,1.2664464401480448e-11
tempogram_mean_energy,Sufi,5.790543615148581e-13
tempogram_mean_energy,Uttarakhandi,1.943365380722746e-44
tempogram_var,Bauls,2.888881565346396e-14
tempogram_var,Bhatiali,3.9447305354539277e-13
tempogram_var,Gidha,3.185987553146791e-21
tempogram_var,Kajri,6.804782459469299e-14
tempogram_var,Maand,1.518062739840723e-18
tempogram_var,Sohar,3.674969271217468e-18
tempogram_var,Sufi,8.847503701069269e-20
tempogram_var,Uttarakhandi,1.5959495627085394e-15
onset_mean,Bauls,1.816871525002936e-06
onset_mean,Bhatiali,5.186444105167128e-07
onset_mean,Gidha,5.216764526123642e-10
onset_mean,Kajri,3.164735577557008e-06
onset_mean,Maand,7.372342084845334e-06
onset_mean,Sohar,8.065545885483176e-15
onset_mean,Sufi,0.00045667567605398723
onset_mean,Uttarakhandi,1.9520992524145605e-06
onset_std,Bauls,1.6212430862489435e-10
onset_std,Bhatiali,6.579033481478567e-09
onset_std,Gidha,2.79011045711344e-05
onset_std,Kajri,1.5185778517352621e-05
onset_std,Maand,6.191193183017842e-13
onset_std,Sohar,6.716451152345322e-08
onset_std,Sufi,0.04520483392017085
onset_std,Uttarakhandi,5.397201075135751e-05
onset_max,Bauls,0.0007486619895509434
onset_max,Bhatiali,1.4767860335699298e-08
onset_max,Gidha,4.376959144683452e-10
onset_max,Kajri,1.0006781204778655e-05
onset_max,Maand,2.6204899509538776e-13
onset_max,Sohar,7.959110899326927e-06
onset_max,Sufi,0.002627053700907658
onset_max,Uttarakhandi,2.262724200094853e-09
onset_peak_count,Bauls,1.6936459779726829e-06
onset_peak_count,Bhatiali,5.030685568331951e-06
onset_peak_count,Gidha,1.4575086095058083e-06
onset_peak_count,Kajri,5.635973747905812e-05
onset_peak_count,Maand,1.3152466480756506e-06
onset_peak_count,Sohar,2.8314302646686484e-06
onset_peak_count,Sufi,7.216291156066544e-07
onset_peak_count,Uttarakhandi,1.2761417884165217e-07
onset_density,Bauls,7.568755603476986e-09
onset_density,Bhatiali,1.682968151574387e-06
onset_density,Gidha,2.971970761105323e-07
onset_density,Kajri,1.7531934718935782e-05
onset_density,Maand,1.441198471459316e-06
onset_density,Sohar,7.486219799553279e-06
onset_density,Sufi,0.0001115404737620998
onset_density,Uttarakhandi,2.6090640167462585e-06
