feature,genre_a,genre_b,U_statistic,p_value_fdr_bh,rank_biserial_effect_size,significant_after_fdr
energy_min,Bauls,Bhatiali,31421397.0,5.1949405404814835e-70,0.15565201618754332,True
energy_min,Bauls,Gidha,35729064.5,0.00196185752827787,-0.027781151386663483,True
energy_min,Bauls,Kajri,67239744.5,1.2056985679822978e-202,0.22668938649001447,True
energy_min,Bauls,Maand,39648102.5,0.0,0.4726811490116122,True
energy_min,Bauls,Sohar,58838813.5,6.682064467212912e-19,-0.07175206945763768,True
energy_min,Bauls,Sufi,43575989.5,0.0,0.4631841113496563,True
energy_min,Bauls,Uttarakhandi,22318473.0,0.0,0.5942796607858642,True
energy_min,Bhatiali,Gidha,42720594.0,1.0020359835392627e-90,-0.17895082121393147,True
energy_min,Bhatiali,Kajri,84460291.0,2.248715502685831e-20,0.06812021097526855,True
energy_min,Bhatiali,Maand,54914172.0,0.0,0.299328049103892,True
energy_min,Bhatiali,Sohar,70065034.0,2.9918733425016827e-174,-0.224365727659954,True
energy_min,Bhatiali,Sufi,59442098.5,0.0,0.2974914084010538,True
energy_min,Bhatiali,Uttarakhandi,33472222.0,0.0,0.4162508667584698,True
energy_min,Gidha,Kajri,63493280.5,1.3832268285943084e-241,0.2500745221347098,True
energy_min,Gidha,Maand,38299598.0,0.0,0.47687252372346545,True
energy_min,Gidha,Sohar,55378031.0,1.077577175329361e-05,-0.03592988095399319,True
energy_min,Gidha,Sufi,41994046.5,0.0,0.46871414339985784,True
energy_min,Gidha,Uttarakhandi,21838882.5,0.0,0.5922864547045158,True
energy_min,Kajri,Maand,138968698.5,0.0,0.24110932158240428,True
energy_min,Kajri,Sohar,173756319.0,0.0,-0.2995182122630269,True
energy_min,Kajri,Sufi,150167243.0,0.0,0.24043551557479736,True
energy_min,Kajri,Uttarakhandi,85382200.5,0.0,0.3627043055536896,True
energy_min,Maand,Sohar,178539595.0,0.0,-0.5441848292586446,True
energy_min,Maand,Sufi,169244203.0,0.09527647581071484,0.010020462773640104,False
energy_min,Maand,Uttarakhandi,102451495.5,1.712723784965283e-67,0.11566886309044755,True
energy_min,Sohar,Sufi,58411924.0,0.0,0.5320564537788064,True
energy_min,Sohar,Uttarakhandi,28121864.0,0.0,0.6675546577446709,True
energy_min,Sufi,Uttarakhandi,112203570.5,1.7267965368045456e-55,0.1029213810765448,True
frame_entropy_mean,Bauls,Bhatiali,38623525.5,1.7026890753409393e-05,-0.037881793850668366,True
frame_entropy_mean,Bauls,Gidha,33566412.0,0.00011802070873791888,0.034429642755434586,True
frame_entropy_mean,Bauls,Kajri,61896220.0,0.0,0.28814417398404835,True
frame_entropy_mean,Bauls,Maand,38116579.0,0.0,0.493050376322849,True
frame_entropy_mean,Bauls,Sohar,40998747.0,5.3677544084763505e-216,0.2532056761746204,True
frame_entropy_mean,Bauls,Sufi,38811775.0,0.0,0.5218748277254337,True
frame_entropy_mean,Bauls,Uttarakhandi,17328406.0,0.0,0.6849924831165526,True
frame_entropy_mean,Bhatiali,Gidha,33196280.0,2.8260227563912667e-21,0.08388957402493957,True
frame_entropy_mean,Bhatiali,Kajri,61625455.0,0.0,0.32006490477337945,True
frame_entropy_mean,Bhatiali,Maand,35029237.5,0.0,0.5530479057841734,True
frame_entropy_mean,Bhatiali,Sohar,40551372.0,1.6864846240645693e-292,0.291376778802541,True
frame_entropy_mean,Bhatiali,Sufi,36610123.5,0.0,0.5673280899016632,True
frame_entropy_mean,Bhatiali,Uttarakhandi,15960939.0,0.0,0.721644284416764,True
frame_entropy_mean,Gidha,Kajri,71238892.0,2.2899166220847516e-98,0.15859033105568088,True
frame_entropy_mean,Gidha,Maand,47171255.0,0.0,0.3556961203366452,True
frame_entropy_mean,Gidha,Sohar,43579255.0,4.314381213302114e-114,0.18478408081692688,True
frame_entropy_mean,Gidha,Sufi,48281227.5,0.0,0.3891721458649182,True
frame_entropy_mean,Gidha,Uttarakhandi,26286837.0,0.0,0.5092468899049889,True
frame_entropy_mean,Kajri,Maand,160428727.5,1.5164348178367625e-97,0.12391878772508902,True
frame_entropy_mean,Kajri,Sohar,146930152.0,1.0684952660156628e-52,-0.0988861271547472,True
frame_entropy_mean,Kajri,Sufi,156031356.0,9.321605856184654e-290,0.21077410687825404,True
frame_entropy_mean,Kajri,Uttarakhandi,88916795.5,0.0,0.3363219663551179,True
frame_entropy_mean,Maand,Sohar,148194561.5,0.0,-0.28173133610467316,True
frame_entropy_mean,Maand,Sufi,149085430.0,1.5487558313797246e-100,0.12793748688341855,True
frame_entropy_mean,Maand,Uttarakhandi,82194312.5,0.0,0.2905229009504888,True
frame_entropy_mean,Sohar,Sufi,83468602.5,0.0,0.3313249902198534,True
frame_entropy_mean,Sohar,Uttarakhandi,40964747.5,0.0,0.5157312650740138,True
frame_entropy_mean,Sufi,Uttarakhandi,107741871.0,3.7446054675520705e-99,0.1385931088805319,True
energy_mean,Bauls,Bhatiali,36028395.5,0.00029107566730185626,0.03185389559786955,True
energy_mean,Bauls,Gidha,33171559.0,3.1621006494223767e-07,0.04578797179784433,True
energy_mean,Bauls,Kajri,73813921.5,4.918943123223544e-91,0.1510811151172219,True
energy_mean,Bauls,Maand,41114730.0,0.0,0.453175037007186,True
energy_mean,Bauls,Sohar,58143749.5,2.8173559901957277e-13,-0.05909144229516938,True
energy_mean,Bauls,Sufi,50843576.0,0.0,0.37365416721974176,True
energy_mean,Bauls,Uttarakhandi,21451979.0,0.0,0.610031376398622,True
energy_mean,Bhatiali,Gidha,34290291.5,1.4111785568585027e-09,0.05369837967163804,True
energy_mean,Bhatiali,Kajri,80968297.5,1.526375821399645e-47,0.1066485907325172,True
energy_mean,Bhatiali,Maand,49045493.0,0.0,0.3742088788487713,True
energy_mean,Bhatiali,Sohar,60553586.5,3.2699617631802333e-13,-0.05815599828999529,True
energy_mean,Bhatiali,Sufi,58421836.5,0.0,0.30954924011912344,True
energy_mean,Bhatiali,Uttarakhandi,28076758.0,0.0,0.5103467243156968,True
energy_mean,Gidha,Kajri,76147191.5,1.3609152328598344e-40,0.10061791540701281,True
energy_mean,Gidha,Maand,42091839.5,0.0,0.4250749637248946,True
energy_mean,Gidha,Sohar,58751122.5,5.435885319913495e-34,-0.09902866241919073,True
energy_mean,Gidha,Sufi,52457534.0,0.0,0.3363357854470851,True
energy_mean,Gidha,Uttarakhandi,21941788.5,0.0,0.5903652863438097,True
energy_mean,Kajri,Maand,133848372.0,0.0,0.2690707840789721,True
energy_mean,Kajri,Sohar,160152761.5,4.750994927223059e-205,-0.19777762047011915,True
energy_mean,Kajri,Sufi,156510284.0,4.2243509914425636e-283,0.2083516298311341,True
energy_mean,Kajri,Uttarakhandi,77439999.0,0.0,0.4219851719489639,True
energy_mean,Maand,Sohar,177091874.0,0.0,-0.5316635238014482,True
energy_mean,Maand,Sufi,180614096.0,6.402697595049048e-21,-0.05648675703614692,True
energy_mean,Maand,Uttarakhandi,94948713.0,1.6027513577118234e-161,0.1804306720404213,True
energy_mean,Sohar,Sufi,69494605.5,0.0,0.4432720254016481,True
energy_mean,Sohar,Uttarakhandi,25604519.5,0.0,0.697313689858512,True
energy_mean,Sufi,Uttarakhandi,97273219.0,6.357699897281963e-252,0.22229101471633828,True
energy_max,Bauls,Bhatiali,36713747.5,0.13614304958430257,0.013437286705469509,False
energy_max,Bauls,Gidha,31115902.5,1.097480086497823e-31,0.10492092235202066,True
energy_max,Bauls,Kajri,70174403.0,2.6184541565071735e-147,0.1929384764894969,True
energy_max,Bauls,Maand,35309973.5,0.0,0.5303781648957747,True
energy_max,Bauls,Sohar,55486041.5,0.19245005258788445,-0.010681151883481954,False
energy_max,Bauls,Sufi,49858441.0,0.0,0.3857901193010034,True
energy_max,Bauls,Uttarakhandi,23822747.0,0.0,0.5669339477726574,True
energy_max,Bhatiali,Gidha,31912600.0,2.787024430861673e-41,0.11931500818851648,True
energy_max,Bhatiali,Kajri,77245916.5,1.1666589648289483e-89,0.14771891596913844,True
energy_max,Bhatiali,Maand,42389107.5,0.0,0.4591403718375314,True
energy_max,Bhatiali,Sohar,57393318.0,0.7129900275662564,-0.0029312417930051904,False
energy_max,Bhatiali,Sufi,57072676.5,0.0,0.32549410941813783,True
energy_max,Bhatiali,Uttarakhandi,31037802.5,0.0,0.4587066760283557,True
energy_max,Gidha,Kajri,78843404.0,7.820372141852747e-20,0.06877268026454975,True
energy_max,Gidha,Maand,44119243.5,0.0,0.3973830088925502,True
energy_max,Gidha,Sohar,58328443.5,4.8492991617513043e-29,-0.09112181202662706,True
energy_max,Gidha,Sufi,58508494.0,2.5592146392493178e-255,0.25978232764079356,True
energy_max,Gidha,Uttarakhandi,31616551.5,0.0,0.4097456084539921,True
energy_max,Kajri,Maand,122249828.5,0.0,0.3324089792292346,True
energy_max,Kajri,Sohar,162940293.0,4.4169295359234434e-250,-0.21862548357147116,True
energy_max,Kajri,Sufi,163407704.0,7.495367590763433e-197,0.173463626552256,True
energy_max,Kajri,Uttarakhandi,90022919.0,0.0,0.3280658223350784,True
energy_max,Maand,Sohar,182568193.0,0.0,-0.5790280802180843,True
energy_max,Maand,Sufi,201924734.0,1.552618481841742e-199,-0.18114151726588723,True
energy_max,Maand,Uttarakhandi,121723597.5,3.027172275584881e-14,-0.05068224568665047,True
energy_max,Sohar,Sufi,70769795.5,0.0,0.4330563555547552,True
energy_max,Sohar,Uttarakhandi,29706740.5,0.0,0.6488188865143241,True
energy_max,Sufi,Uttarakhandi,104663285.0,1.0277300638663986e-136,0.1632067077598749,True
tempogram_var,Bauls,Bhatiali,25522021.5,2.6199219884784477e-279,0.31417857085274814,True
tempogram_var,Bauls,Gidha,40339619.0,9.239705644102336e-72,-0.1604082178619406,True
tempogram_var,Bauls,Kajri,94890486.5,2.3795201625560584e-34,-0.09131616839466128,True
tempogram_var,Bauls,Maand,79869426.0,3.9907226509591023e-16,-0.06226152808755647,True
tempogram_var,Bauls,Sohar,52079628.5,2.170235525566273e-10,0.05136683931500474,True
tempogram_var,Bauls,Sufi,109231096.0,0.0,-0.3456260784965308,True
tempogram_var,Bauls,Uttarakhandi,53337303.5,0.00017002251564885422,0.03039832210799953,True
tempogram_var,Bhatiali,Gidha,53158418.5,0.0,-0.4670011644737162,True
tempogram_var,Bhatiali,Kajri,125382294.5,0.0,-0.38338649752102727,True
tempogram_var,Bhatiali,Maand,108013141.5,0.0,-0.3781830048757244,True
tempogram_var,Bhatiali,Sohar,73961946.0,1.7601217335743946e-294,-0.2924631112494176,True
tempogram_var,Bhatiali,Sufi,135270428.5,0.0,-0.5986756963252393,True
tempogram_var,Bhatiali,Uttarakhandi,74877970.5,0.0,-0.3058574473561948,True
tempogram_var,Gidha,Kajri,79596488.5,2.154870400526994e-15,0.05987792401494241,True
tempogram_var,Gidha,Maand,66019958.5,3.4766653377746632e-37,0.09824499270236342,True
tempogram_var,Gidha,Sohar,41558647.0,1.5040715189819252e-164,0.22258261151757042,True
tempogram_var,Gidha,Sufi,95957971.5,8.157628003507467e-174,-0.21400811150669963,True
tempogram_var,Gidha,Uttarakhandi,42940512.0,3.882206395403578e-131,0.1983368020628673,True
tempogram_var,Kajri,Maand,177196397.0,4.733650654529002e-08,0.0323526421132625,True
tempogram_var,Kajri,Sohar,114487650.5,3.8007322814863335e-109,0.1437503524464382,True
tempogram_var,Kajri,Sufi,247556916.5,0.0,-0.25217349596819494,True
tempogram_var,Kajri,Uttarakhandi,117555586.5,6.390820411406728e-80,0.122561040874546,True
tempogram_var,Maand,Sohar,101943307.0,2.2800954025879812e-70,0.1182946947210416,True
tempogram_var,Maand,Sufi,221200306.5,0.0,-0.29389233534456105,True
tempogram_var,Maand,Uttarakhandi,104685788.0,2.4234958767893396e-47,0.09638310823571739,True
tempogram_var,Sohar,Sufi,175304971.0,0.0,-0.40438499851406173,True
tempogram_var,Sohar,Uttarakhandi,86324137.0,0.004211523615459192,-0.020489156403747266,True
tempogram_var,Sufi,Uttarakhandi,77222902.5,0.0,0.3825952737933537,True
frame_entropy_std,Bauls,Bhatiali,40571380.0,1.2163816480697263e-24,-0.09022405666715039,True
frame_entropy_std,Bauls,Gidha,42611692.5,2.4399597445250525e-140,-0.22576661306607826,True
frame_entropy_std,Bauls,Kajri,123687122.5,0.0,-0.42250041690387063,True
frame_entropy_std,Bauls,Maand,109827097.0,0.0,-0.4606978630926968,True
frame_entropy_std,Bauls,Sohar,77278981.0,0.0,-0.40764068623388305,True
frame_entropy_std,Bauls,Sufi,122762874.0,0.0,-0.5123250683631675,True
frame_entropy_std,Bauls,Uttarakhandi,86897308.0,0.0,-0.5796782010380026,True
frame_entropy_std,Bhatiali,Gidha,41253885.0,4.51662234563648e-55,-0.13847437605888846,True
frame_entropy_std,Bhatiali,Kajri,119477481.5,0.0,-0.3182366403808181,True
frame_entropy_std,Bhatiali,Maand,105632651.0,0.0,-0.34780937158622227,True
frame_entropy_std,Bhatiali,Sohar,74802330.0,0.0,-0.3071485728688865,True
frame_entropy_std,Bhatiali,Sufi,119670189.0,0.0,-0.41430632585708094,True
frame_entropy_std,Bhatiali,Uttarakhandi,84372480.5,0.0,-0.47143988114421886,True
frame_entropy_std,Gidha,Kajri,98894360.0,4.058917923265713e-110,-0.1680511637949158,True
frame_entropy_std,Gidha,Maand,86952174.5,5.049594417287073e-131,-0.18766446590227526,True
frame_entropy_std,Gidha,Sohar,61508307.5,1.9982456333819133e-76,-0.15060598066689312,True
frame_entropy_std,Gidha,Sufi,99887294.0,5.409507830928701e-263,-0.2637197645685381,True
frame_entropy_std,Gidha,Uttarakhandi,70814940.0,0.0,-0.32205529505857267,True
frame_entropy_std,Kajri,Maand,183745636.5,0.5637297107981054,-0.003411935528474075,False
frame_entropy_std,Kajri,Sohar,130737106.5,0.0006147375718038733,0.02222116644102612,True
frame_entropy_std,Kajri,Sufi,220147726.0,1.9834929016667225e-85,-0.11353442106259348,True
frame_entropy_std,Kajri,Uttarakhandi,154602847.5,4.2348031653186594e-125,-0.15396099519465456,True
frame_entropy_std,Maand,Sohar,112352258.5,2.3749602245662627e-05,0.028267913856051874,True
frame_entropy_std,Maand,Sufi,191214536.5,1.7831604609661878e-86,-0.1184931300437091,True
frame_entropy_std,Maand,Uttarakhandi,134062440.5,5.315338735487118e-123,-0.15718750463954168,True
frame_entropy_std,Sohar,Sufi,142171173.0,1.8031015936956802e-99,-0.13894695309209126,True
frame_entropy_std,Sohar,Uttarakhandi,100360553.0,3.8696156551351534e-149,-0.18642200926009345,True
frame_entropy_std,Sufi,Uttarakhandi,130650561.5,1.1738867489804238e-11,-0.04456413240427093,True
ac_peak_value,Bauls,Bhatiali,29642612.5,3.1435761702140974e-118,0.20345107191418232,True
ac_peak_value,Bauls,Gidha,36785564.5,1.033780079326157e-10,-0.05817239732706625,True
ac_peak_value,Bauls,Kajri,92626481.5,2.9649053054479908e-18,-0.06527830777281318,True
ac_peak_value,Bauls,Maand,78822200.5,2.989005030344494e-10,-0.048333453033126306,True
ac_peak_value,Bauls,Sohar,46379200.0,3.1103882078575267e-82,0.15520044299007374,True
ac_peak_value,Bauls,Sufi,110965628.0,0.0,-0.36699390852532354,True
ac_peak_value,Bauls,Uttarakhandi,59304359.0,5.399356361223287e-22,-0.07807485979694406,True
ac_peak_value,Bhatiali,Gidha,45576569.5,4.127455871834077e-186,-0.2577665479122042,True
ac_peak_value,Bhatiali,Kajri,112558066.5,5.354947598457497e-237,-0.24189232621814782,True
ac_peak_value,Bhatiali,Maand,96895150.0,2.6307181251796923e-216,-0.23632409103557128,True
ac_peak_value,Bhatiali,Sohar,61892661.5,2.160050924491359e-24,-0.08155593750598511,True
ac_peak_value,Bhatiali,Sufi,127100663.5,0.0,-0.502122407516898,True
ac_peak_value,Bhatiali,Uttarakhandi,73761625.0,1.550821989120109e-282,-0.28638859590011045,True
ac_peak_value,Gidha,Kajri,85478534.0,0.21818080172717647,-0.009595502900097364,False
ac_peak_value,Gidha,Maand,72682704.5,0.35977018027765034,0.007239716353207526,False
ac_peak_value,Gidha,Sohar,41972779.5,1.9205299861499605e-153,0.21483563634208647,True
ac_peak_value,Gidha,Sufi,104189576.0,0.0,-0.3181498985568256,True
ac_peak_value,Gidha,Uttarakhandi,54469538.0,0.04218744644041652,-0.016900404523312984,True
ac_peak_value,Kajri,Maand,179435352.5,0.0008043430620594228,0.020125986206703694,True
ac_peak_value,Kajri,Sohar,106141610.0,1.8107573899395338e-222,0.20617013488919833,True
ac_peak_value,Kajri,Sufi,254526819.0,0.0,-0.28742812469509005,True
ac_peak_value,Kajri,Uttarakhandi,134041384.0,0.9396459796160938,-0.0004895212418958295,False
ac_peak_value,Maand,Sohar,92530361.0,4.3350569497281424e-197,0.19970704704451836,True
ac_peak_value,Maand,Sufi,224657498.0,0.0,-0.3141148822950932,True
ac_peak_value,Maand,Uttarakhandi,118419651.0,0.0010180343251450733,-0.022163552519957275,True
ac_peak_value,Sohar,Sufi,187835969.0,0.0,-0.5047720297957343,True
ac_peak_value,Sohar,Uttarakhandi,105825175.0,7.923928933242826e-269,-0.2510225681379117,True
ac_peak_value,Sufi,Uttarakhandi,84784829.0,0.0,0.3221369251793881,True
rhythm_hist_dominant_value,Bauls,Bhatiali,36002880.5,0.0002404262634217108,0.032539528347011015,True
rhythm_hist_dominant_value,Bauls,Gidha,35219029.0,0.1536189131905385,-0.013109486153501049,False
rhythm_hist_dominant_value,Bauls,Kajri,87553146.0,0.36589606424559407,-0.006930908965445903,False
rhythm_hist_dominant_value,Bauls,Maand,88507952.0,4.723315557166827e-119,-0.17715372512405558,True
rhythm_hist_dominant_value,Bauls,Sohar,49254571.0,4.727668853259391e-37,0.10282540963375908,True
rhythm_hist_dominant_value,Bauls,Sufi,109816687.5,0.0,-0.3528400241823444,True
rhythm_hist_dominant_value,Bauls,Uttarakhandi,67344016.0,9.211535325134606e-170,-0.2242251974658922,True
rhythm_hist_dominant_value,Bhatiali,Gidha,37848202.5,5.851644722154092e-07,-0.044488506382803994,True
rhythm_hist_dominant_value,Bhatiali,Kajri,94172938.0,1.327781621478455e-07,-0.039042804094519656,True
rhythm_hist_dominant_value,Bhatiali,Maand,94102012.0,1.5840237081850928e-156,-0.20068532274854234,True
rhythm_hist_dominant_value,Bhatiali,Sohar,53485802.0,3.17815798143889e-16,0.06535144355733524,True
rhythm_hist_dominant_value,Bhatiali,Sufi,115842934.5,0.0,-0.36907442395029144,True
rhythm_hist_dominant_value,Bhatiali,Uttarakhandi,71410935.5,6.560573195787341e-208,-0.24539302177464695,True
rhythm_hist_dominant_value,Gidha,Kajri,84196431.5,0.46133008635599104,0.005547537787251811,False
rhythm_hist_dominant_value,Gidha,Maand,86245199.5,4.368982204040846e-118,-0.1780080186586095,True
rhythm_hist_dominant_value,Gidha,Sohar,47010422.0,1.4697371175383527e-49,0.12059890923068417,True
rhythm_hist_dominant_value,Gidha,Sufi,107854498.5,0.0,-0.3645165064945872,True
rhythm_hist_dominant_value,Gidha,Uttarakhandi,65689694.5,3.344799035080241e-170,-0.22637127764995624,True
rhythm_hist_dominant_value,Kajri,Maand,214006799.0,9.910401940719273e-179,-0.16866435846406125,True
rhythm_hist_dominant_value,Kajri,Sohar,119097209.5,8.07434538667908e-64,0.10927560122314062,True
rhythm_hist_dominant_value,Kajri,Sufi,265626841.5,0.0,-0.3435734111029962,True
rhythm_hist_dominant_value,Kajri,Uttarakhandi,162877544.5,1.4706499384413265e-243,-0.21572361948948982,True
rhythm_hist_dominant_value,Maand,Sohar,83103313.5,0.0,0.28124136291546353,True
rhythm_hist_dominant_value,Maand,Sufi,202563781.0,1.4192457429503905e-207,-0.18487956821304952,True
rhythm_hist_dominant_value,Maand,Uttarakhandi,121635545.5,8.26840087976587e-14,-0.049922206754206,True
rhythm_hist_dominant_value,Sohar,Sufi,181658713.5,0.0,-0.45528544132820903,True
rhythm_hist_dominant_value,Sohar,Uttarakhandi,112214586.5,0.0,-0.3265556157668894,True
rhythm_hist_dominant_value,Sufi,Uttarakhandi,108501229.5,1.0618348129384053e-90,0.1325219627359644,True
onset_peak_count,Bauls,Bhatiali,41253112.5,2.4589244802956286e-35,-0.10854340325363165,True
onset_peak_count,Bauls,Gidha,25082895.0,1.838155866535021e-215,0.27846622731443793,True
onset_peak_count,Bauls,Kajri,85847695.0,0.08699996562410417,0.012683135807154633,False
onset_peak_count,Bauls,Maand,68659696.0,2.9154835251705568e-30,0.08682762298821223,True
onset_peak_count,Bauls,Sohar,56347527.5,0.0010161781655336451,-0.02637316449194116,True
onset_peak_count,Bauls,Sufi,51616963.5,0.0,0.36412674850022964,True
onset_peak_count,Bauls,Uttarakhandi,52201807.0,2.0154168502506752e-10,0.05104014761086717,True
onset_peak_count,Bhatiali,Gidha,22741431.5,0.0,0.37240972486231416,True
onset_peak_count,Bhatiali,Kajri,80377306.0,6.831402809307259e-54,0.11316920566072541,True
onset_peak_count,Bhatiali,Maand,63845718.5,2.0240366269828406e-135,0.18536686417198933,True
onset_peak_count,Bhatiali,Sohar,52237846.0,3.509422348321564e-28,0.08715910522246206,True
onset_peak_count,Bhatiali,Sufi,47239662.5,0.0,0.44170428689551466,True
onset_peak_count,Bhatiali,Uttarakhandi,47911843.5,5.936988109151769e-96,0.16442663665624468,True
onset_peak_count,Gidha,Kajri,105963355.0,3.216873896707134e-247,-0.25154376981016724,True
onset_peak_count,Gidha,Maand,86545100.5,5.194358738536867e-125,-0.1821043136970799,True
onset_peak_count,Gidha,Sohar,70013971.5,0.0,-0.3097172985639609,True
onset_peak_count,Gidha,Sufi,70081480.5,1.3449802647313624e-50,0.11336719124581951,True
onset_peak_count,Gidha,Uttarakhandi,66543840.0,6.0254780720732834e-198,-0.24231745484117395,True
onset_peak_count,Kajri,Maand,170283657.0,1.1357454386595163e-32,0.07010225051392294,True
onset_peak_count,Kajri,Sohar,138725435.0,5.806009806862594e-09,-0.03752329885977135,True
onset_peak_count,Kajri,Sufi,131086043.5,0.0,0.3369505821824458,True
onset_peak_count,Kajri,Uttarakhandi,129550737.0,2.8644108768608233e-07,0.03302882311581645,True
onset_peak_count,Maand,Sohar,128749350.5,8.996982886695177e-66,-0.11355015574558625,True
onset_peak_count,Maand,Sufi,123788203.0,0.0,0.275911459608323,True
onset_peak_count,Maand,Uttarakhandi,120934744.5,3.859773883056495e-11,-0.04387309891002267,True
onset_peak_count,Sohar,Sufi,75909208.5,0.0,0.39188402326323013,True
onset_peak_count,Sohar,Uttarakhandi,77715900.5,2.9154835251705568e-30,0.0812739461223625,True
onset_peak_count,Sufi,Uttarakhandi,167209439.5,0.0,-0.33685596981626387,True
onset_density,Bauls,Bhatiali,41253112.5,2.4589244802956286e-35,-0.10854340325363165,True
onset_density,Bauls,Gidha,25082895.0,1.838155866535021e-215,0.27846622731443793,True
onset_density,Bauls,Kajri,85847695.0,0.08699996562410417,0.012683135807154633,False
onset_density,Bauls,Maand,68659696.0,2.9154835251705568e-30,0.08682762298821223,True
onset_density,Bauls,Sohar,56347527.5,0.0010161781655336451,-0.02637316449194116,True
onset_density,Bauls,Sufi,51616963.5,0.0,0.36412674850022964,True
onset_density,Bauls,Uttarakhandi,52201807.0,2.0154168502506752e-10,0.05104014761086717,True
onset_density,Bhatiali,Gidha,22741431.5,0.0,0.37240972486231416,True
onset_density,Bhatiali,Kajri,80377306.0,6.831402809307259e-54,0.11316920566072541,True
onset_density,Bhatiali,Maand,63845718.5,2.0240366269828406e-135,0.18536686417198933,True
onset_density,Bhatiali,Sohar,52237846.0,3.509422348321564e-28,0.08715910522246206,True
onset_density,Bhatiali,Sufi,47239662.5,0.0,0.44170428689551466,True
onset_density,Bhatiali,Uttarakhandi,47911843.5,5.936988109151769e-96,0.16442663665624468,True
onset_density,Gidha,Kajri,105963355.0,3.216873896707134e-247,-0.25154376981016724,True
onset_density,Gidha,Maand,86545100.5,5.194358738536867e-125,-0.1821043136970799,True
onset_density,Gidha,Sohar,70013971.5,0.0,-0.3097172985639609,True
onset_density,Gidha,Sufi,70081480.5,1.3449802647313624e-50,0.11336719124581951,True
onset_density,Gidha,Uttarakhandi,66543840.0,6.0254780720732834e-198,-0.24231745484117395,True
onset_density,Kajri,Maand,170283657.0,1.1357454386595163e-32,0.07010225051392294,True
onset_density,Kajri,Sohar,138725435.0,5.806009806862594e-09,-0.03752329885977135,True
onset_density,Kajri,Sufi,131086043.5,0.0,0.3369505821824458,True
onset_density,Kajri,Uttarakhandi,129550737.0,2.8644108768608233e-07,0.03302882311581645,True
onset_density,Maand,Sohar,128749350.5,8.996982886695177e-66,-0.11355015574558625,True
onset_density,Maand,Sufi,123788203.0,0.0,0.275911459608323,True
onset_density,Maand,Uttarakhandi,120934744.5,3.859773883056495e-11,-0.04387309891002267,True
onset_density,Sohar,Sufi,75909208.5,0.0,0.39188402326323013,True
onset_density,Sohar,Uttarakhandi,77715900.5,2.9154835251705568e-30,0.0812739461223625,True
onset_density,Sufi,Uttarakhandi,167209439.5,0.0,-0.33685596981626387,True
modulation_centroid,Bauls,Bhatiali,44739616.0,8.270987108424372e-117,-0.2022318602238955,True
modulation_centroid,Bauls,Gidha,34319653.0,0.1592256018516708,0.012761935719566297,False
modulation_centroid,Bauls,Kajri,79143967.0,3.234356583050308e-33,0.08978134685826988,True
modulation_centroid,Bauls,Maand,79403838.0,2.2985588173713485e-13,-0.05606921840025225,True
modulation_centroid,Bauls,Sohar,65007769.0,5.188210607092656e-115,-0.18411991697579122,True
modulation_centroid,Bauls,Sufi,58813365.0,6.667635168885213e-292,0.2754737377336659,True
modulation_centroid,Bauls,Uttarakhandi,54115449.0,0.04727269492018096,0.01625266544869519,True
modulation_centroid,Bhatiali,Gidha,28466632.0,2.6445588879861813e-129,0.2144126279331513,True
modulation_centroid,Bhatiali,Kajri,65418321.0,0.0,0.2782168939977704,True
modulation_centroid,Bhatiali,Maand,66787481.0,8.835438272509967e-86,0.14783173626460666,True
modulation_centroid,Bhatiali,Sohar,54866395.0,2.5733333222427914e-07,0.041225989582000855,True
modulation_centroid,Bhatiali,Sufi,46766726.0,0.0,0.44729362446795484,True
modulation_centroid,Bhatiali,Uttarakhandi,44041764.0,5.794693247172081e-186,0.2319200810323251,True
modulation_centroid,Gidha,Kajri,78023740.0,2.6145449884019063e-25,0.07845381363879678,True
modulation_centroid,Gidha,Maand,78284036.0,2.7671350398197114e-19,-0.06926788592980482,True
modulation_centroid,Gidha,Sohar,64151243.0,3.529917612954593e-133,-0.2000460891078033,True
modulation_centroid,Gidha,Sufi,58063809.0,3.5785156909766054e-266,0.26540824061734447,True
modulation_centroid,Gidha,Uttarakhandi,53514605.0,0.9091967096667508,0.0009273904176440029,False
modulation_centroid,Kajri,Maand,209399324.0,6.658669778526147e-130,-0.14350351385456728,True
modulation_centroid,Kajri,Sohar,170009787.0,0.0,-0.2714980136604874,True
modulation_centroid,Kajri,Sufi,161941693.0,1.3336627786723782e-213,0.18087889147375869,True
modulation_centroid,Kajri,Uttarakhandi,144713804.0,4.0075535020876003e-35,-0.0801488328489175,True
modulation_centroid,Maand,Sohar,129992221.0,1.709888280346825e-77,-0.12429971396449613,True
modulation_centroid,Maand,Sufi,115146251.5,0.0,0.3264618181733525,True
modulation_centroid,Maand,Uttarakhandi,107107195.5,1.1545598768011362e-29,0.07548223180686797,True
modulation_centroid,Sohar,Sufi,67224641.0,0.0,0.46145692953057593,True
modulation_centroid,Sohar,Uttarakhandi,66484225.0,5.858172506091649e-196,0.2140502871820552,True
modulation_centroid,Sufi,Uttarakhandi,159837017.5,0.0,-0.27791272838099323,True
rhythm_hist_dominant_bin,Bauls,Bhatiali,37802766.5,4.387218115164233e-05,-0.01582656165186025,True
rhythm_hist_dominant_bin,Bauls,Gidha,28642354.5,3.7592299432562695e-207,0.17607492671869474,True
rhythm_hist_dominant_bin,Bauls,Kajri,82965285.5,3.723132706336562e-29,0.04583314069499311,True
rhythm_hist_dominant_bin,Bauls,Maand,68736352.0,3.7824911118088354e-79,0.08580809995198713,True
rhythm_hist_dominant_bin,Bauls,Sohar,55296747.5,0.04655470559081593,-0.007233151759619583,True
rhythm_hist_dominant_bin,Bauls,Sufi,60983055.5,0.0,0.2487451574485594,True
rhythm_hist_dominant_bin,Bauls,Uttarakhandi,53465552.5,7.36918474720586e-12,0.028066924803897497,True
rhythm_hist_dominant_bin,Bhatiali,Gidha,29293354.5,2.0775262849658132e-263,0.1915977492287252,True
rhythm_hist_dominant_bin,Bhatiali,Kajri,85021925.5,1.778825723434936e-55,0.06192350204646535,True
rhythm_hist_dominant_bin,Bhatiali,Maand,70381564.5,1.3593764386244263e-118,0.10197338302150383,True
rhythm_hist_dominant_bin,Bhatiali,Sohar,56725841.5,0.011584313512125488,0.008732712450111424,True
rhythm_hist_dominant_bin,Bhatiali,Sufi,62119551.5,0.0,0.26584828368696967,True
rhythm_hist_dominant_bin,Bhatiali,Uttarakhandi,54823166.5,3.2695985056061393e-29,0.043894488811316634,True
rhythm_hist_dominant_bin,Gidha,Kajri,96607927.5,5.726411919513889e-188,-0.14104588116238226,True
rhythm_hist_dominant_bin,Gidha,Maand,80730926.0,5.101416747851309e-84,-0.10268952629340045,True
rhythm_hist_dominant_bin,Gidha,Sohar,63365853.0,0.0,-0.18535418052039865,True
rhythm_hist_dominant_bin,Gidha,Sufi,75250717.5,1.0496909449040036e-14,0.047968813704037494,True
rhythm_hist_dominant_bin,Gidha,Uttarakhandi,61685086.0,9.981486521188655e-187,-0.15160860931949416,True
rhythm_hist_dominant_bin,Kajri,Maand,174967796.0,7.736242116373428e-35,0.04452275339060263,True
rhythm_hist_dominant_bin,Kajri,Sohar,140886835.5,7.006814905345237e-55,-0.053688347301804606,True
rhythm_hist_dominant_bin,Kajri,Sufi,155164476.5,0.0,0.21515889058555215,True
rhythm_hist_dominant_bin,Kajri,Uttarakhandi,136145587.0,8.707769899203975e-06,-0.016195365133106154,True
rhythm_hist_dominant_bin,Maand,Sohar,126464204.5,1.4814582927227766e-132,-0.0937859808249415,True
rhythm_hist_dominant_bin,Maand,Sufi,142027941.5,3.1418400179352886e-301,0.16921966420685908,True
rhythm_hist_dominant_bin,Maand,Uttarakhandi,122535721.5,9.295993896401277e-47,-0.05769226088190482,True
rhythm_hist_dominant_bin,Sohar,Sufi,92601375.0,0.0,0.2581614705507975,True
rhythm_hist_dominant_bin,Sohar,Uttarakhandi,81577619.5,4.629987605806179e-24,0.03562226049267214,True
rhythm_hist_dominant_bin,Sufi,Uttarakhandi,152756878.0,0.0,-0.2213063143770344,True
rhythm_hist_std,Bauls,Bhatiali,36422851.5,0.016207013064096165,0.021254171839478864,True
rhythm_hist_std,Bauls,Gidha,35814744.5,0.0008049793073491232,-0.030245819585597467,True
rhythm_hist_std,Bauls,Kajri,87005798.0,0.9320595674287457,-0.0006359710409946651,False
rhythm_hist_std,Bauls,Maand,87165088.0,1.316382718380666e-96,-0.15929366482195984,True
rhythm_hist_std,Bauls,Sohar,50969968.5,1.0125571688465345e-18,0.07157935433103857,True
rhythm_hist_std,Bauls,Sufi,108158077.5,0.0,-0.33240748297580813,True
rhythm_hist_std,Bauls,Uttarakhandi,65817683.0,1.0511665668553396e-130,-0.19647848098964715,True
rhythm_hist_std,Bhatiali,Gidha,37868783.0,4.3619905017408104e-07,-0.04505646190739232,True
rhythm_hist_std,Bhatiali,Kajri,92626956.5,0.00299803532985499,-0.02198545208923064,True
rhythm_hist_std,Bhatiali,Maand,91651628.5,4.520964982669136e-112,-0.16941989663251844,True
rhythm_hist_std,Bhatiali,Sohar,54519479.0,3.935938290014187e-09,0.04728824398377396,True
rhythm_hist_std,Bhatiali,Sufi,113118725.0,0.0,-0.33687871371530576,True
rhythm_hist_std,Bhatiali,Uttarakhandi,69109614.0,5.093678747711563e-146,-0.20525841610266338,True
rhythm_hist_std,Gidha,Kajri,82387688.0,0.00041096240227339034,0.02691078792792201,True
rhythm_hist_std,Gidha,Maand,84191948.5,2.5164397096497058e-84,-0.1499630241969896,True
rhythm_hist_std,Gidha,Sohar,47617217.5,6.241874627296943e-41,0.10924788105710359,True
rhythm_hist_std,Gidha,Sufi,106385186.5,0.0,-0.34592756950008097,True
rhythm_hist_std,Gidha,Uttarakhandi,63694049.5,2.373357818253362e-119,-0.18911426607433168,True
rhythm_hist_std,Kajri,Maand,211332660.5,2.374887924754182e-149,-0.1540612226330984,True
rhythm_hist_std,Kajri,Sohar,124177494.0,4.594144022474084e-28,0.07128030833697185,True
rhythm_hist_std,Kajri,Sufi,261882239.5,0.0,-0.3246327511382423,True
rhythm_hist_std,Kajri,Uttarakhandi,159506241.0,1.9082767730693432e-190,-0.19056009368856164,True
rhythm_hist_std,Maand,Sohar,87795862.5,4.0285929235161475e-285,0.24065561510779754,True
rhythm_hist_std,Maand,Sufi,203328836.5,1.4436891651957914e-217,-0.1893546951386227,True
rhythm_hist_std,Maand,Uttarakhandi,120217652.0,1.9316389632690847e-08,-0.03768336763573088,True
rhythm_hist_std,Sohar,Sufi,177168694.5,0.0,-0.4193154668849679,True
rhythm_hist_std,Sohar,Uttarakhandi,108105748.5,0.0,-0.2779825889155505,True
rhythm_hist_std,Sufi,Uttarakhandi,105968550.5,7.51124244056122e-120,0.15277098127763755,True
energy_range,Bauls,Bhatiali,45894638.5,7.164360228601039e-155,-0.2332693382562383,True
energy_range,Bauls,Gidha,28431167.0,5.137518759583208e-92,0.18214993973529559,True
energy_range,Bauls,Kajri,99501993.5,3.108442660684107e-83,-0.14435217163788594,True
energy_range,Bauls,Maand,78424931.0,1.8616307049678374e-08,-0.043049777823884305,True
energy_range,Bauls,Sohar,47626712.0,1.9689890621405853e-60,0.13247694657434061,True
energy_range,Bauls,Sufi,98384576.5,9.654245278062147e-174,-0.21200698984323063,True
energy_range,Bauls,Uttarakhandi,67352214.0,5.50658547341183e-170,-0.22437422627000791,True
energy_range,Bhatiali,Gidha,22285708.5,0.0,0.38498621209692696,True
energy_range,Bhatiali,Kajri,82633091.5,4.267964026244195e-33,0.08828033905919963,True
energy_range,Bhatiali,Maand,62564084.5,3.714926154396842e-158,0.20171974654113045,True
energy_range,Bhatiali,Sohar,36279066.0,0.0,0.36603406141337924,True
energy_range,Bhatiali,Sufi,81299713.0,1.450730560172292e-07,0.03917007780220716,True
energy_range,Bhatiali,Uttarakhandi,55397040.0,2.176319806753362e-05,0.03388624501395887,True
energy_range,Gidha,Kajri,111129002.5,0.0,-0.3125557483914463,True
energy_range,Gidha,Maand,89937249.0,4.54249435077711e-193,-0.22843707374224365,True
energy_range,Gidha,Sohar,57108106.5,5.4043867936744895e-17,-0.06829356153982746,True
energy_range,Gidha,Sufi,109023059.0,0.0,-0.3793004989405544,True
energy_range,Gidha,Uttarakhandi,74756156.0,0.0,-0.39563447879818425,True
energy_range,Kajri,Maand,163875107.0,1.4099222568365393e-70,0.10509854039551147,True
energy_range,Kajri,Sohar,96749660.0,0.0,0.27641224259443653,True
energy_range,Kajri,Sufi,209360082.0,2.9299985478286414e-24,-0.05896918373568427,True
energy_range,Kajri,Uttarakhandi,143328397.5,4.507342509085696e-27,-0.06980811086778349,True
energy_range,Maand,Sohar,94484962.5,1.901598697758952e-165,0.18280174386207193,True
energy_range,Maand,Sufi,201114942.5,3.975839405954729e-189,-0.17640471092209853,True
energy_range,Maand,Uttarakhandi,137820983.5,5.280104891648846e-178,-0.18963014091431862,True
energy_range,Sohar,Sufi,169205635.0,0.0,-0.3555226306620014,True
energy_range,Sohar,Uttarakhandi,116119382.5,0.0,-0.3727165403292598,True
energy_range,Sufi,Uttarakhandi,125846443.5,0.34767514249571496,-0.006154734901316017,False
flux_sum,Bauls,Bhatiali,47859303.5,6.812561341630106e-232,-0.2860633286576486,True
flux_sum,Bauls,Gidha,22823710.5,0.0,0.3434538579478933,True
flux_sum,Bauls,Kajri,90508546.5,5.2460029607925036e-08,-0.04092036848551772,True
flux_sum,Bauls,Maand,73283089.0,0.001002122742647946,0.02533660246767777,True
flux_sum,Bauls,Sohar,47101445.0,3.5422112286077333e-69,0.1420447124890596,True
flux_sum,Bauls,Sufi,82981009.0,0.003397948470769364,-0.022249284492717347,True
flux_sum,Bauls,Uttarakhandi,56853156.0,3.9440820605051835e-05,-0.03351522918768568,True
flux_sum,Bhatiali,Gidha,15009945.5,0.0,0.5857738407475945,True
flux_sum,Bhatiali,Kajri,71508718.0,6.679485510994456e-181,0.21101942398861706,True
flux_sum,Bhatiali,Maand,52517417.5,0.0,0.32990920129415036,True
flux_sum,Bhatiali,Sohar,30583257.0,0.0,0.46556663754681993,True
flux_sum,Bhatiali,Sufi,61265386.5,1.827074913863136e-301,0.27594311994419085,True
flux_sum,Bhatiali,Uttarakhandi,40427958.0,1.1459275237307425e-299,0.29494416470992013,True
flux_sum,Gidha,Kajri,114417677.5,0.0,-0.3513986172981589,True
flux_sum,Gidha,Maand,97949806.0,0.0,-0.33787918125292493,True
flux_sum,Gidha,Sohar,67921114.5,3.4615245375998207e-242,-0.27056724097408846,True
flux_sum,Gidha,Sufi,108007985.5,0.0,-0.36645834061319227,True
flux_sum,Gidha,Uttarakhandi,75023162.5,0.0,-0.40061926530142844,True
flux_sum,Kajri,Maand,171880966.0,4.0358345127183437e-25,0.06137954587801153,True
flux_sum,Kajri,Sohar,112963824.5,7.45353712328004e-127,0.15514700064154596,True
flux_sum,Kajri,Sufi,192954030.0,3.9440820605051835e-05,0.024014656014460622,True
flux_sum,Kajri,Uttarakhandi,132039682.5,0.026344574348189084,0.014451247911936305,True
flux_sum,Maand,Sohar,100239097.0,1.7053505985955258e-88,0.1330343676091249,True
flux_sum,Maand,Sufi,180121455.0,5.989505502309922e-19,-0.05360509550474002,True
flux_sum,Maand,Uttarakhandi,124337592.5,5.5994582462847365e-28,-0.07324548069795278,True
flux_sum,Sohar,Sufi,147923483.5,7.039992018873979e-175,-0.18502926625704386,True
flux_sum,Sohar,Uttarakhandi,104402508.0,2.379555725558089e-234,-0.23420437224128254,True
flux_sum,Sufi,Uttarakhandi,126015276.0,0.25218015655553594,-0.007504567400001161,False
flux_mean,Bauls,Bhatiali,47859303.5,6.812561341630106e-232,-0.2860633286576486,True
flux_mean,Bauls,Gidha,22823710.5,0.0,0.3434538579478933,True
flux_mean,Bauls,Kajri,90508546.5,5.2460029607925036e-08,-0.04092036848551772,True
flux_mean,Bauls,Maand,73283089.0,0.0010021227426459684,0.02533660246767777,True
flux_mean,Bauls,Sohar,47101445.0,3.5422112286077333e-69,0.1420447124890596,True
flux_mean,Bauls,Sufi,82981009.0,0.003397948470769364,-0.022249284492717347,True
flux_mean,Bauls,Uttarakhandi,56853156.0,3.9440820605051835e-05,-0.03351522918768568,True
flux_mean,Bhatiali,Gidha,15009945.5,0.0,0.5857738407475945,True
flux_mean,Bhatiali,Kajri,71508718.0,6.679485510994456e-181,0.21101942398861706,True
flux_mean,Bhatiali,Maand,52517417.5,0.0,0.32990920129415036,True
flux_mean,Bhatiali,Sohar,30583257.0,0.0,0.46556663754681993,True
flux_mean,Bhatiali,Sufi,61265386.5,1.827074913863136e-301,0.27594311994419085,True
flux_mean,Bhatiali,Uttarakhandi,40427958.0,1.1459275237307425e-299,0.29494416470992013,True
flux_mean,Gidha,Kajri,114417677.5,0.0,-0.3513986172981589,True
flux_mean,Gidha,Maand,97949806.0,0.0,-0.33787918125292493,True
flux_mean,Gidha,Sohar,67921114.5,3.4615245375998207e-242,-0.27056724097408846,True
flux_mean,Gidha,Sufi,108007985.5,0.0,-0.36645834061319227,True
flux_mean,Gidha,Uttarakhandi,75023162.5,0.0,-0.40061926530142844,True
flux_mean,Kajri,Maand,171880966.0,4.035834512695077e-25,0.06137954587801153,True
flux_mean,Kajri,Sohar,112963824.5,7.45353712328004e-127,0.15514700064154596,True
flux_mean,Kajri,Sufi,192954030.0,3.9440820605051835e-05,0.024014656014460622,True
flux_mean,Kajri,Uttarakhandi,132039682.5,0.026344574348189084,0.014451247911936305,True
flux_mean,Maand,Sohar,100239097.0,1.7053505985254587e-88,0.1330343676091249,True
flux_mean,Maand,Sufi,180121454.5,5.989531846842517e-19,-0.053605092580032654,True
flux_mean,Maand,Uttarakhandi,124337592.5,5.599458246214665e-28,-0.07324548069795278,True
flux_mean,Sohar,Sufi,147923483.0,7.040113501964862e-175,-0.18502926225149574,True
flux_mean,Sohar,Uttarakhandi,104402508.0,2.379555725558089e-234,-0.23420437224128254,True
flux_mean,Sufi,Uttarakhandi,126015276.0,0.25218015655553594,-0.007504567400001161,False
onset_mean,Bauls,Bhatiali,46509895.5,3.2643909696138977e-177,-0.24980237170082065,True
onset_mean,Bauls,Gidha,22512991.0,0.0,0.35239200536197657,True
onset_mean,Bauls,Kajri,90116324.0,1.0563063037512304e-06,-0.036409497357692056,True
onset_mean,Bauls,Maand,65670499.5,1.0527300579224441e-61,0.12658386765990892,True
onset_mean,Bauls,Sohar,49004177.5,2.6107260277486665e-40,0.1073863403500751,True
onset_mean,Bauls,Sufi,66842077.5,4.113200846867706e-121,0.17656742522398383,True
onset_mean,Bauls,Uttarakhandi,52787099.0,5.67334238919966e-07,0.04040031267326549,True
onset_mean,Bhatiali,Gidha,16146810.0,0.0,0.5544000415938664,True
onset_mean,Bhatiali,Kajri,73096867.0,2.37137466439689e-152,0.19349682327842255,True
onset_mean,Bhatiali,Maand,51194635.5,0.0,0.3467871075029566,True
onset_mean,Bhatiali,Sohar,36447354.0,0.0,0.36309327843200745,True
onset_mean,Bhatiali,Sufi,50738767.0,0.0,0.4003505824304455,True
onset_mean,Bhatiali,Uttarakhandi,40957666.0,2.9964745337512524e-281,0.28570615876364314,True
onset_mean,Gidha,Kajri,115975525.0,0.0,-0.36979850972266126,True
onset_mean,Gidha,Maand,89242635.5,1.3997950003837041e-177,-0.21894947005401133,True
onset_mean,Gidha,Sohar,69613943.5,1.2656452420372874e-301,-0.30223416940723324,True
onset_mean,Gidha,Sufi,92863113.0,1.048687907523869e-116,-0.17485364352208355,True
onset_mean,Gidha,Uttarakhandi,71074391.5,0.0,-0.32689903607404047,True
onset_mean,Kajri,Maand,154808142.0,1.4819738747886628e-150,0.15461210204147158,True
onset_mean,Kajri,Sohar,117331175.0,9.442778368876956e-80,0.12248371940521852,True
onset_mean,Kajri,Sufi,157514193.5,2.198571285741887e-269,0.2032737314390256,True
onset_mean,Kajri,Uttarakhandi,124633928.5,4.933315985805126e-27,0.06972805163320539,True
onset_mean,Maand,Sohar,122713181.0,3.8883573980111144e-20,-0.061343465298384636,True
onset_mean,Maand,Sufi,162844128.5,3.1080576534463525e-15,0.047457152949221704,True
onset_mean,Maand,Uttarakhandi,127405569.0,1.3685677706933843e-50,-0.09972735031845814,True
onset_mean,Sohar,Sufi,110743327.0,3.5977220210032296e-66,0.11282454663343655,True
onset_mean,Sohar,Uttarakhandi,88813326.5,3.3641261362513607e-12,-0.049915351454895784,True
onset_mean,Sufi,Uttarakhandi,144079004.5,1.2296093503892444e-118,-0.1519258593711712,True
rhythm_hist_entropy,Bauls,Bhatiali,37951930.5,0.02495890992688358,-0.01983485964884002,True
rhythm_hist_entropy,Bauls,Gidha,33281543.5,2.2811484903742564e-06,0.0426241611124375,True
rhythm_hist_entropy,Bauls,Kajri,87198608.5,0.7020788281319841,-0.0028534453510906665,False
rhythm_hist_entropy,Bauls,Maand,63662176.0,1.4555063919638077e-89,0.1532945240004735,True
rhythm_hist_entropy,Bauls,Sohar,57777431.0,1.1502515354877838e-10,-0.052418931632533194,True
rhythm_hist_entropy,Bauls,Sufi,54651471.5,0.0,0.3267444164561901,True
rhythm_hist_entropy,Bauls,Uttarakhandi,45099153.0,3.5007458132169547e-110,0.1801570092438579,True
rhythm_hist_entropy,Bhatiali,Gidha,34218575.5,4.2412146289474985e-10,0.055677510324507185,True
rhythm_hist_entropy,Bhatiali,Kajri,89073452.5,0.020621587437672107,0.017221594424716824,True
rhythm_hist_entropy,Bhatiali,Maand,65630610.0,2.5278841875551793e-103,0.1625927174645988,True
rhythm_hist_entropy,Bhatiali,Sohar,58970506.0,0.0001516488852391196,-0.030492135194934544,True
rhythm_hist_entropy,Bhatiali,Sufi,56641040.0,0.0,0.33059534839437776,True
rhythm_hist_entropy,Bhatiali,Uttarakhandi,46526536.0,1.5077770682661957e-123,0.18858613381774147,True
rhythm_hist_entropy,Gidha,Kajri,88253693.0,2.3372328505243256e-08,-0.04237318303944959,True
rhythm_hist_entropy,Gidha,Maand,63506938.5,2.920435166421586e-66,0.13256989111076067,True
rhythm_hist_entropy,Gidha,Sohar,59043200.0,1.4129077850926558e-37,-0.10449241409725851,True
rhythm_hist_entropy,Gidha,Sufi,52733773.5,0.0,0.33284095340263586,True
rhythm_hist_entropy,Gidha,Uttarakhandi,45065618.5,1.4961786711449866e-84,0.15866285330447827,True
rhythm_hist_entropy,Kajri,Maand,155472834.0,1.5202409625315138e-143,0.15098230217816822,True
rhythm_hist_entropy,Kajri,Sohar,140198050.5,9.211068250164011e-14,-0.04853694528670105,True
rhythm_hist_entropy,Kajri,Sufi,134184382.5,0.0,0.3212788003870679,True
rhythm_hist_entropy,Kajri,Uttarakhandi,110211333.5,3.211025858567927e-165,0.17737879900698483,True
rhythm_hist_entropy,Maand,Sohar,140987304.5,3.1265332762960175e-237,-0.2193959369459142,True
rhythm_hist_entropy,Maand,Sufi,138191275.0,7.304545680732966e-223,0.19166191781930264,True
rhythm_hist_entropy,Maand,Uttarakhandi,112925143.5,0.00016587158555177902,0.025263418072512533,True
rhythm_hist_entropy,Sohar,Sufi,74707008.5,0.0,0.40151496319369917,True
rhythm_hist_entropy,Sohar,Uttarakhandi,63768619.5,2.1878258705288983e-258,0.24615308093278077,True
rhythm_hist_entropy,Sufi,Uttarakhandi,146039830.5,8.451111496136012e-144,-0.1676028567447012,True
energy_std,Bauls,Bhatiali,42998670.5,8.641034529131864e-70,-0.1554496047165299,True
energy_std,Bauls,Gidha,26829972.5,2.7394607517988497e-143,0.22820985061832455,True
energy_std,Bauls,Kajri,96201441.5,5.24984063345452e-46,-0.10639319497875221,True
energy_std,Bauls,Maand,73540316.0,0.004214257797150869,0.02191548928620357,True
energy_std,Bauls,Sohar,46961980.0,1.2970834519517011e-71,0.14458507476823623,True
energy_std,Bauls,Sufi,94890339.0,5.1386836434298295e-111,-0.16896121554778154,True
energy_std,Bauls,Uttarakhandi,63257918.0,6.2666302350414194e-77,-0.14994533671456756,True
energy_std,Bhatiali,Gidha,23437414.5,0.0,0.3532028353373011,True
energy_std,Bhatiali,Kajri,86615812.5,1.9816243681002816e-09,0.04433759198502285,True
energy_std,Bhatiali,Maand,64181010.5,9.78968378668096e-128,0.18108873903227396,True
energy_std,Bhatiali,Sohar,40153688.0,3.389725764927225e-306,0.298326188975363,True
energy_std,Bhatiali,Sufi,84529213.0,0.8926452874818406,0.0010026585182328906,False
energy_std,Bhatiali,Uttarakhandi,55660562.5,0.00025397496378313204,0.029290463145499657,True
energy_std,Gidha,Kajri,110818559.5,0.0,-0.30888907511056374,True
energy_std,Gidha,Maand,89458510.5,2.6139088286047262e-182,-0.22189806872967366,True
energy_std,Gidha,Sohar,59403766.5,1.910174683565629e-42,-0.11123735617403607,True
energy_std,Gidha,Sufi,109486617.5,0.0,-0.38516518918317666,True
energy_std,Gidha,Uttarakhandi,74140343.0,0.0,-0.38413776867718563,True
energy_std,Kajri,Maand,159528772.0,4.423437530589317e-105,0.12883333213194081,True
energy_std,Kajri,Sohar,101107627.0,0.0,0.24381914026852192,True
energy_std,Kajri,Sufi,207129882.0,2.313442296760363e-16,-0.04768855635435121,True
energy_std,Kajri,Uttarakhandi,137355084.0,0.0001071523295186201,-0.025223092528650737,True
energy_std,Maand,Sohar,101095050.5,4.481161604301881e-79,0.1256312455775619,True
energy_std,Maand,Sufi,204838255.5,3.133018988099764e-238,-0.1981839128997811,True
energy_std,Maand,Uttarakhandi,137076579.5,2.960876937225654e-166,-0.18320466481533848,True
energy_std,Sohar,Sufi,165622193.0,0.0,-0.3268153318379128,True
energy_std,Sohar,Uttarakhandi,111403446.5,0.0,-0.31696664560058085,True
energy_std,Sufi,Uttarakhandi,121019039.0,8.661558847888812e-07,0.032440840467160004,True
modulation_energy,Bauls,Bhatiali,42998952.5,8.509931355423253e-70,-0.1554571825505593,True
modulation_energy,Bauls,Gidha,26830025.5,2.7514244696429165e-143,0.22820832602198293,True
modulation_energy,Bauls,Kajri,96200875.0,5.315965709705959e-46,-0.10638667977757454,True
modulation_energy,Bauls,Maand,73540781.5,0.004225098258046207,0.021909298146914225,True
modulation_energy,Bauls,Sohar,46961915.5,1.2936930451698096e-71,0.14458624963911426,True
modulation_energy,Bauls,Sufi,94889088.0,5.3802213259526885e-111,-0.16894580438479,True
modulation_energy,Bauls,Uttarakhandi,63258751.5,6.050926776701707e-77,-0.1499604886428707,True
modulation_energy,Bhatiali,Gidha,23437223.0,0.0,0.3532081201206134,True
modulation_energy,Bhatiali,Kajri,86614686.5,1.9610038721583986e-09,0.0443500155349541,True
modulation_energy,Bhatiali,Maand,64180877.0,9.736363563302847e-128,0.1810904424123312,True
modulation_energy,Bhatiali,Sohar,40153182.0,3.251699629286897e-306,0.2983350311755709,True
modulation_energy,Bhatiali,Sufi,84527462.0,0.8904434066896214,0.0010233524805076666,False
modulation_energy,Bhatiali,Uttarakhandi,55660723.5,0.0002543260264375736,0.02928765533637201,True
modulation_energy,Gidha,Kajri,110817811.5,0.0,-0.30888024040785145,True
modulation_energy,Gidha,Maand,89458772.0,2.5791315740020703e-182,-0.22190164051220362,True
modulation_energy,Gidha,Sohar,59403527.5,1.9246621134245402e-42,-0.111232885317325,True
modulation_energy,Gidha,Sufi,109485062.5,0.0,-0.3851455161681694,True
modulation_energy,Gidha,Uttarakhandi,74140843.5,0.0,-0.3841471125907041,True
modulation_energy,Kajri,Maand,159531453.0,4.669390982394552e-105,0.12881869152631675,True
modulation_energy,Kajri,Sohar,101108532.5,0.0,0.2438123680616291,True
modulation_energy,Kajri,Sufi,207128583.0,2.3354629921199934e-16,-0.0476819858517199,True
modulation_energy,Kajri,Uttarakhandi,137357857.0,0.00010574385884925863,-0.025243790296456625,True
modulation_energy,Maand,Sohar,101093951.5,4.3618735468367996e-79,0.12564075080315262,True
modulation_energy,Maand,Sufi,204833196.0,3.6865532298921734e-238,-0.19815431778585801,True
modulation_energy,Maand,Uttarakhandi,137077237.0,2.8921538831159074e-166,-0.1832103401617029,True
modulation_energy,Sohar,Sufi,165619303.0,0.0,-0.3267921797697051,True
modulation_energy,Sohar,Uttarakhandi,111404826.0,0.0,-0.31698295349360106,True
modulation_energy,Sufi,Uttarakhandi,121022820.5,8.869221237783703e-07,0.03241060700148379,True
energy_skew,Bauls,Bhatiali,29944388.5,3.980702252627482e-109,0.19534182211975126,True
energy_skew,Bauls,Gidha,37354351.5,1.1419897370755938e-16,-0.07453410637079916,True
energy_skew,Bauls,Kajri,71676069.0,2.395767770432037e-122,0.17566812151741507,True
energy_skew,Bauls,Maand,56706796.5,2.4469560354315486e-227,0.2458009113144234,True
energy_skew,Bauls,Sohar,56891142.0,8.43789352782806e-06,-0.03627513108007063,True
energy_skew,Bauls,Sufi,66208571.5,7.185041547110185e-132,0.18437163323526318,True
energy_skew,Bauls,Uttarakhandi,55786337.5,0.08292531058705241,-0.014121878948181621,False
energy_skew,Bhatiali,Gidha,46091125.0,7.115160426457285e-207,-0.2719666226884385,True
energy_skew,Bhatiali,Kajri,90150687.0,0.46792511897794564,0.005336091229017903,False
energy_skew,Bhatiali,Maand,73090666.5,4.980239266987296e-19,0.06740686377185456,True
energy_skew,Bhatiali,Sohar,70465530.0,5.6952707106099425e-185,-0.2313642767003341,True
energy_skew,Bhatiali,Sufi,86267393.0,0.009193431224307195,-0.0195397922794196,True
energy_skew,Bhatiali,Uttarakhandi,70298596.0,9.744791564530778e-177,-0.2259940341903952,True
energy_skew,Gidha,Kajri,63287852.5,8.315196342829351e-246,0.25250085276141154,True
energy_skew,Gidha,Maand,48607726.0,0.0,0.3360756154693505,True
energy_skew,Gidha,Sohar,51437102.5,4.310317219242482e-06,0.03779115098109298,True
energy_skew,Gidha,Sufi,58203796.0,2.364889323283568e-262,0.2636372011627903,True
energy_skew,Gidha,Uttarakhandi,50451959.5,1.2523062645443262e-12,0.05810440278484097,True
energy_skew,Kajri,Maand,176321596.5,4.4425756290216174e-10,0.037129818211843024,True
energy_skew,Kajri,Sohar,161654220.5,1.9017856158690238e-228,-0.20900698655415906,True
energy_skew,Kajri,Sufi,202507477.5,3.158239948665906e-05,-0.024307862797586566,True
energy_skew,Kajri,Uttarakhandi,161259616.0,2.5408359743090617e-217,-0.2036473452668317,True
energy_skew,Maand,Sohar,147738767.0,0.0,-0.27778918001229735,True
energy_skew,Maand,Sufi,186258253.0,5.4138176666240685e-50,-0.08950177223813238,True
energy_skew,Maand,Uttarakhandi,149661785.5,0.0,-0.2918364566296505,True
energy_skew,Sohar,Sufi,97123870.5,2.5931806000749436e-250,0.2219313237396877,True
energy_skew,Sohar,Uttarakhandi,82489870.5,0.0005844301583289987,0.02483799683512211,True
energy_skew,Sufi,Uttarakhandi,152003178.5,4.839343471100493e-236,-0.21528041249592356,True
flux_std,Bauls,Bhatiali,46266868.5,4.471585925611955e-168,-0.24327181045741098,True
flux_std,Bauls,Gidha,24947720.5,3.235558949159244e-218,0.28235465275160876,True
flux_std,Bauls,Kajri,89056289.5,0.0012579410218974472,-0.024218256364253232,True
flux_std,Bauls,Maand,68138181.5,1.3889035191436604e-34,0.09376375383870583,True
flux_std,Bauls,Sohar,48599928.0,9.914115940227966e-46,0.11474976616426513,True
flux_std,Bauls,Sufi,71857420.5,3.669130756592982e-52,0.11478303798863998,True
flux_std,Bauls,Uttarakhandi,53542686.5,0.0010598733960472749,0.026664730637435352,True
flux_std,Bhatiali,Gidha,18824991.5,0.0,0.4804908567453373,True
flux_std,Bhatiali,Kajri,72007311.5,1.718489096160512e-171,0.20551826835573983,True
flux_std,Bhatiali,Maand,54179011.5,0.0,0.3087082568534827,True
flux_std,Bhatiali,Sohar,37078793.5,0.0,0.3520590600957866,True
flux_std,Bhatiali,Sufi,55879222.0,0.0,0.339598793826822,True
flux_std,Bhatiali,Uttarakhandi,42968263.0,8.883254316419142e-217,0.25064173262402145,True
flux_std,Gidha,Kajri,109751506.5,0.0,-0.29628600554743745,True
flux_std,Gidha,Maand,87098528.0,1.1714920144262492e-133,-0.1896634826308381,True
flux_std,Gidha,Sohar,64113676.5,2.9536916731313905e-132,-0.19934335087081445,True
flux_std,Gidha,Sufi,92686057.0,1.075052571771762e-113,-0.17261362722295903,True
flux_std,Gidha,Uttarakhandi,67612160.5,1.456921472399194e-227,-0.2622620989211466,True
flux_std,Kajri,Maand,162880983.0,8.407955418364198e-78,0.11052732720098923,True
flux_std,Kajri,Sohar,116664142.0,3.690526344238216e-86,0.12747243887550408,True
flux_std,Kajri,Sufi,170938803.0,1.7739714963992243e-120,0.13537039653210992,True
flux_std,Kajri,Uttarakhandi,128308154.5,7.331564164789703e-11,0.042303501826449263,True
flux_std,Maand,Sohar,115388489.0,0.7631517757000219,0.0020076264602369998,False
flux_std,Maand,Sufi,167188078.5,0.00028246300136328215,0.02204758774990767,True
flux_std,Maand,Uttarakhandi,124131549.0,9.027897118706776e-27,-0.07146697388632872,True
flux_std,Sohar,Sufi,122673089.0,0.008825803816798016,0.017254074826090537,True
flux_std,Sohar,Uttarakhandi,91136992.5,4.165543703246061e-27,-0.0773847943999677,True
flux_std,Sufi,Uttarakhandi,137231829.5,1.4945896237382743e-49,-0.09718201953474437,True
onset_std,Bauls,Bhatiali,46164465.0,2.48494832756829e-164,-0.24052004901407553,True
onset_std,Bauls,Gidha,25504871.0,2.600060744177624e-194,0.2663276789027509,True
onset_std,Bauls,Kajri,89353427.5,0.00022795092786421294,-0.02763558001391586,True
onset_std,Bauls,Maand,68086931.0,4.5788324332009093e-35,0.09444538430948513,True
onset_std,Bauls,Sohar,48446864.5,7.067914099048975e-48,0.11753782583313377,True
onset_std,Bauls,Sufi,71186476.5,1.045455062770757e-59,0.12304844753475286,True
onset_std,Bauls,Uttarakhandi,52385627.5,3.89806515998297e-09,0.04769853388960088,True
onset_std,Bhatiali,Gidha,19291685.5,0.0,0.4676116052406506,True
onset_std,Bhatiali,Kajri,72393123.5,1.5913079032300469e-164,0.2012614702686576,True
onset_std,Bhatiali,Maand,54364857.5,0.0,0.30633697318218855,True
onset_std,Bhatiali,Sohar,36980812.0,0.0,0.3537712578026301,True
onset_std,Bhatiali,Sufi,55314694.0,0.0,0.34627059344705535,True
onset_std,Bhatiali,Uttarakhandi,41800054.5,4.643190150012272e-253,0.2710150648551589,True
onset_std,Gidha,Kajri,108789260.5,0.0,-0.28492082192971635,True
onset_std,Gidha,Maand,85892203.0,9.627236890227533e-112,-0.17318650151946224,True
onset_std,Gidha,Sohar,62868504.5,1.530962840764327e-103,-0.17605052412283473,True
onset_std,Gidha,Sufi,90883536.5,4.52401110846784e-86,-0.1498091173531655,True
onset_std,Gidha,Uttarakhandi,65731619.5,3.412863876579844e-171,-0.22715398209403737,True
onset_std,Kajri,Maand,162246584.0,1.1905901741801666e-82,0.11399170078075216,True
onset_std,Kajri,Sohar,115503911.0,5.006524685563301e-98,0.1361497711510119,True
onset_std,Kajri,Sufi,168688808.5,3.189186349623882e-141,0.14675114694218472,True
onset_std,Kajri,Uttarakhandi,124997246.5,4.742341608703505e-25,0.06701623352874175,True
onset_std,Maand,Sohar,114906965.0,0.35420413475608314,0.0061723164032378985,False
onset_std,Maand,Sufi,165925472.5,1.0733910211415433e-06,0.029433093908598496,True
onset_std,Maand,Uttarakhandi,121782476.0,1.8174574566856937e-14,-0.05119046755877066,True
onset_std,Sohar,Sufi,122224995.0,0.0015351305015563336,0.020843798996115104,True
onset_std,Sohar,Uttarakhandi,89825064.0,6.991756051549806e-18,-0.06187570441940937,True
onset_std,Sufi,Uttarakhandi,135756960.0,1.2314939832059274e-38,-0.0853902923351868,True
modulation_dominant_freq_bin,Bauls,Bhatiali,38667112.0,6.7814563850912854e-06,-0.039053039463854855,True
modulation_dominant_freq_bin,Bauls,Gidha,31429831.5,3.875564286284198e-27,0.09589045056136791,True
modulation_dominant_freq_bin,Bauls,Kajri,90498219.0,2.643870616517291e-08,-0.04080159401038519,True
modulation_dominant_freq_bin,Bauls,Maand,63326402.0,1.4046067062401202e-96,0.15776031047466288,True
modulation_dominant_freq_bin,Bauls,Sohar,53780453.0,0.011074156917402366,0.02038623197051348,True
modulation_dominant_freq_bin,Bauls,Sufi,62107475.5,1.178511192662367e-216,0.23489334298738185,True
modulation_dominant_freq_bin,Bauls,Uttarakhandi,48901619.5,1.0258445272417045e-43,0.11103319426644487,True
modulation_dominant_freq_bin,Bhatiali,Gidha,31710409.0,7.59500026266979e-46,0.1248948286725684,True
modulation_dominant_freq_bin,Bhatiali,Kajri,91892837.0,0.05376975728790245,-0.013885656117903267,False
modulation_dominant_freq_bin,Bhatiali,Maand,63081882.5,7.112725009896353e-151,0.1951129541300548,True
modulation_dominant_freq_bin,Bhatiali,Sohar,53731024.5,1.2186683391625453e-14,0.06106625296353507,True
modulation_dominant_freq_bin,Bhatiali,Sufi,62459474.5,1.0253618113388503e-276,0.26183094859941236,True
modulation_dominant_freq_bin,Bhatiali,Uttarakhandi,47477860.0,4.324472571868079e-105,0.17199522567809467,True
modulation_dominant_freq_bin,Gidha,Kajri,97284340.0,1.4394249142253104e-89,-0.14903505676178375,True
modulation_dominant_freq_bin,Gidha,Maand,68930670.0,2.368304438753994e-14,0.058488096006891865,True
modulation_dominant_freq_bin,Gidha,Sohar,57512944.5,8.149981863267386e-21,-0.07586666902618155,True
modulation_dominant_freq_bin,Gidha,Sufi,66982678.5,2.33893417302989e-90,0.1525715502495234,True
modulation_dominant_freq_bin,Gidha,Uttarakhandi,49207851.5,1.0611569902326466e-23,0.08133085145548491,True
modulation_dominant_freq_bin,Kajri,Maand,150049096.0,1.9331350167280225e-210,0.1806006569214077,True
modulation_dominant_freq_bin,Kajri,Sohar,124285664.5,2.9078456296767124e-28,0.0704713044654085,True
modulation_dominant_freq_bin,Kajri,Sufi,145382535.5,0.0,0.26463715777557273,True
modulation_dominant_freq_bin,Kajri,Uttarakhandi,112034476.0,5.273280834142349e-145,0.16377080039828085,True
modulation_dominant_freq_bin,Maand,Sohar,131594286.0,1.341532117710304e-96,-0.1381559371092067,True
modulation_dominant_freq_bin,Maand,Sufi,151627903.0,5.20644732515206e-80,0.1130655078180528,True
modulation_dominant_freq_bin,Maand,Uttarakhandi,121417777.5,4.1323558867854147e-13,-0.048042497511479265,True
modulation_dominant_freq_bin,Sohar,Sufi,95640893.5,1.3911141534431178e-281,0.23381159524631479,True
modulation_dominant_freq_bin,Sohar,Uttarakhandi,75901006.0,4.7557623434389e-47,0.1027288974445727,True
modulation_dominant_freq_bin,Sufi,Uttarakhandi,143868235.5,2.2411235116032893e-117,-0.15024074041649516,True
temporal_entropy,Bauls,Bhatiali,44563461.0,2.189312128449314e-111,-0.197498266772004,True
temporal_entropy,Bauls,Gidha,32894390.5,2.332389561717627e-09,0.05376099219579267,True
temporal_entropy,Bauls,Kajri,102154037.0,4.279498501307711e-121,-0.1748527840552958,True
temporal_entropy,Bauls,Maand,86934312.5,6.798277266820108e-93,-0.15622435598186413,True
temporal_entropy,Bauls,Sohar,52679465.0,6.031022194571395e-07,0.040440786052370115,True
temporal_entropy,Bauls,Sufi,87008424.5,2.091473782575852e-21,-0.07186331862949058,True
temporal_entropy,Bauls,Uttarakhandi,50679863.0,2.5005906252939957e-22,0.07870707786836817,True
temporal_entropy,Bhatiali,Gidha,26992550.0,4.6079233948925266e-182,0.25509254414491267,True
temporal_entropy,Bhatiali,Kajri,91458975.5,0.21583388809446924,-0.009098711172544682,False
temporal_entropy,Bhatiali,Maand,75013599.0,1.461722255989673e-08,0.04287139656647576,True
temporal_entropy,Bhatiali,Sohar,43606084.0,2.507012652475363e-195,0.2379965908949523,True
temporal_entropy,Bhatiali,Sufi,73767808.0,1.9566175019930893e-66,0.12818490243204517,True
temporal_entropy,Bhatiali,Uttarakhandi,40985615.0,8.069875097482084e-280,0.2852187335629808,True
temporal_entropy,Gidha,Kajri,103824550.0,1.2956638134795256e-197,-0.226282130325566,True
temporal_entropy,Gidha,Maand,88849862.5,5.610611256798538e-169,-0.21358465269379878,True
temporal_entropy,Gidha,Sohar,54141945.0,0.11966146093399567,-0.012807021587092127,False
temporal_entropy,Gidha,Sufi,89146890.0,3.6491719277910544e-63,-0.1278380095352003,True
temporal_entropy,Gidha,Uttarakhandi,52248260.5,0.0027082209154471347,0.02456897581746642,True
temporal_entropy,Kajri,Maand,175211076.5,3.598972331240168e-13,0.04319422901292935,True
temporal_entropy,Kajri,Sohar,105930638.5,2.0194359636396856e-225,0.2077479843055321,True
temporal_entropy,Kajri,Sufi,174579632.0,2.280209556906773e-90,0.11695463323368327,True
temporal_entropy,Kajri,Uttarakhandi,100649292.5,0.0,0.24875020339494147,True
temporal_entropy,Maand,Sohar,92838299.0,1.2059451524015765e-191,0.19704369840214997,True
temporal_entropy,Maand,Sufi,156246143.0,2.3491766124517573e-46,0.08605150664721062,True
temporal_entropy,Maand,Uttarakhandi,87798638.5,1.9485255517673417e-288,0.2421480094078684,True
temporal_entropy,Sohar,Sufi,138900811.0,5.228869650234416e-66,-0.1127477682868272,True
temporal_entropy,Sohar,Uttarakhandi,81535584.5,5.290345875303261e-07,0.03611918132130931,True
temporal_entropy,Sufi,Uttarakhandi,105729717.5,1.0382243564997136e-122,0.15468047468180102,True
flux_max,Bauls,Bhatiali,47103324.5,4.924397475398125e-200,-0.265748848545432,True
flux_max,Bauls,Gidha,28968983.0,3.3149312149987236e-77,0.16667914150842988,True
flux_max,Bauls,Kajri,88791033.0,0.005090766021185528,-0.021167595355978452,True
flux_max,Bauls,Maand,74172465.0,0.07941026539417702,0.013507922131294703,False
flux_max,Bauls,Sohar,49527219.0,1.2323181608839534e-33,0.09785911203441189,True
flux_max,Bauls,Sufi,81714562.0,0.3777329636898953,-0.0066478287476090525,False
flux_max,Bauls,Uttarakhandi,57880899.5,1.2913449780344312e-10,-0.0521982475754188,True
flux_max,Bhatiali,Gidha,21379447.0,0.0,0.4099961110618049,True
flux_max,Bhatiali,Kajri,69412061.5,7.050444536436497e-222,0.23415256494449344,True
flux_max,Bhatiali,Maand,56957326.0,5.2751911042898304e-288,0.2732586275498132,True
flux_max,Bhatiali,Sohar,36805698.0,0.0,0.3568313231132877,True
flux_max,Bhatiali,Sufi,61979393.0,4.662838096266382e-283,0.26750472841083184,True
flux_max,Bhatiali,Uttarakhandi,44983154.5,1.1824830769738467e-160,0.21550241122788805,True
flux_max,Gidha,Kajri,100092282.0,7.930556221164082e-129,-0.1821999401885901,True
flux_max,Gidha,Maand,84855757.0,1.8122001844857278e-94,-0.1590298678055284,True
flux_max,Gidha,Sohar,57364448.5,3.8067151241153436e-19,-0.07308882660700733,True
flux_max,Gidha,Sufi,93280246.0,1.6140910334317947e-123,-0.1801309835664917,True
flux_max,Gidha,Uttarakhandi,65375530.0,2.3879618576095902e-161,-0.22050609099944962,True
flux_max,Kajri,Maand,177801514.5,1.1296823850082684e-06,0.029048171142072032,True
flux_max,Kajri,Sohar,118176495.5,8.617103578578124e-72,0.11616159315811903,True
flux_max,Kajri,Sufi,194880462.5,0.014803252832431167,0.014270522211308423,True
flux_max,Kajri,Uttarakhandi,138202432.5,1.2943554690748146e-06,-0.03154773100813735,True
flux_max,Maand,Sohar,105494007.5,3.1193997599015326e-39,0.08758476818994865,True
flux_max,Maand,Sufi,174508834.5,0.0006336556277170891,-0.020774550370989076,True
flux_max,Maand,Uttarakhandi,123294670.0,7.759072687781546e-22,-0.06424328082148967,True
flux_max,Sohar,Sufi,138473619.5,3.956760549460568e-62,-0.10932549605649378,True
flux_max,Sohar,Uttarakhandi,97509117.0,1.503096443781375e-100,-0.15271348208212365,True
flux_max,Sufi,Uttarakhandi,131008031.5,6.47816962876736e-13,-0.04742214033109149,True
onset_max,Bauls,Bhatiali,46920808.5,9.03449769294856e-193,-0.260844323879851,True
onset_max,Bauls,Gidha,28978587.5,5.481550771775931e-77,0.16640285876197025,True
onset_max,Bauls,Kajri,88768925.5,0.0056613505703905125,-0.020913341498898896,True
onset_max,Bauls,Maand,73778675.5,0.015064770889620934,0.018745313420607812,True
onset_max,Bauls,Sohar,49166062.0,4.207547324358516e-38,0.10443760570422578,True
onset_max,Bauls,Sufi,80752814.5,0.4902104335391714,0.00520001096397682,False
onset_max,Bauls,Uttarakhandi,57347052.0,1.7499876240211275e-07,-0.04249360564993321,True
onset_max,Bhatiali,Gidha,21518414.5,0.0,0.40616105557903126,True
onset_max,Bhatiali,Kajri,69696005.0,5.123759523315343e-216,0.23101971747567585,True
onset_max,Bhatiali,Maand,56961068.0,4.983290992138856e-288,0.2732108818706058,True
onset_max,Bhatiali,Sohar,36727592.0,0.0,0.3581962023414146,True
onset_max,Bhatiali,Sufi,61403661.5,1.9014208876037322e-297,0.27430893511635634,True
onset_max,Bhatiali,Uttarakhandi,44695607.5,4.34147149034727e-168,0.220517175769549,True
onset_max,Gidha,Kajri,100056827.5,3.0473062301719607e-128,-0.18178118354779937,True
onset_max,Gidha,Maand,84439011.5,6.180413474681913e-88,-0.1533376142820162,True
onset_max,Gidha,Sohar,56973316.5,9.108701805312893e-16,-0.06577211059380539,True
onset_max,Gidha,Sufi,92385346.0,1.1527001773787442e-108,-0.16880919505841185,True
onset_max,Gidha,Uttarakhandi,64888170.5,1.757635535593385e-148,-0.2114074995500732,True
onset_max,Kajri,Maand,176844584.0,8.8816132691764e-09,0.034273848896717585,True
onset_max,Kajri,Sohar,117304986.5,7.355155564224019e-80,0.12267958239827514,True
onset_max,Kajri,Sufi,192654016.5,1.2690246538738215e-05,0.025532161396430553,True
onset_max,Kajri,Uttarakhandi,136998333.5,0.0005646778034483962,-0.02256029447109098,True
onset_max,Maand,Sohar,105332449.5,1.906512076064234e-40,0.08898207959667259,True
onset_max,Maand,Sufi,173458759.0,0.015402423921056214,-0.014632223253630006,True
onset_max,Maand,Uttarakhandi,122822448.0,2.520396385620665e-19,-0.06016719958816408,True
onset_max,Sohar,Sufi,137880032.5,5.656512624706048e-57,-0.10457021345750261,True
onset_max,Sohar,Uttarakhandi,97279880.5,4.572024686506692e-97,-0.15000354056829246,True
onset_max,Sufi,Uttarakhandi,131256772.5,6.616889616193968e-14,-0.049410849173022964,True
modulation_dominant_mag,Bauls,Bhatiali,40182929.5,1.675815056923877e-19,-0.07978571121465694,True
modulation_dominant_mag,Bauls,Gidha,30682156.5,4.2257071223366486e-39,0.11739804621540528,True
modulation_dominant_mag,Bauls,Kajri,95287281.0,1.4465641979182795e-37,-0.09587962116376558,True
modulation_dominant_mag,Bauls,Maand,72187445.0,2.1328620505786418e-07,0.03990864245804859,True
modulation_dominant_mag,Bauls,Sohar,53871186.0,0.02099589694993564,0.018733525623569558,True
modulation_dominant_mag,Bauls,Sufi,92352072.5,3.652585983887128e-74,-0.13769211982641183,True
modulation_dominant_mag,Bauls,Uttarakhandi,60865548.5,1.782286023497998e-39,-0.10645522137085406,True
modulation_dominant_mag,Bhatiali,Gidha,29296007.5,2.8905612296657245e-103,0.1915245349721847,True
modulation_dominant_mag,Bhatiali,Kajri,92342895.0,0.01157863619984594,-0.0188513026853403,True
modulation_dominant_mag,Bhatiali,Maand,68987981.0,1.0565891024638775e-56,0.11975467397280182,True
modulation_dominant_mag,Bhatiali,Sohar,51384418.5,2.3992345688704477e-37,0.1020724981431379,True
modulation_dominant_mag,Bhatiali,Sufi,88888133.0,1.4744735597878232e-11,-0.05051266189214054,True
modulation_dominant_mag,Bhatiali,Uttarakhandi,58478108.0,0.013694257710387486,-0.01984699009837443,True
modulation_dominant_mag,Gidha,Kajri,101465456.5,3.780311705018802e-152,-0.19841864136445597,True
modulation_dominant_mag,Gidha,Maand,79339220.0,2.445901976083087e-27,-0.08368045869172724,True
modulation_dominant_mag,Gidha,Sohar,59327926.5,3.3424419508818106e-41,-0.1098186541950592,True
modulation_dominant_mag,Gidha,Sufi,99453728.5,3.678948811286265e-251,-0.25823452946361036,True
modulation_dominant_mag,Gidha,Uttarakhandi,65859558.5,2.3548422259607234e-174,-0.2295424954839307,True
modulation_dominant_mag,Kajri,Maand,158646868.0,1.2649559369007579e-112,0.13364929955541927,True
modulation_dominant_mag,Kajri,Sohar,117283548.0,6.62941005869195e-80,0.12283992028615132,True
modulation_dominant_mag,Kajri,Sufi,202793877.5,1.0604852165192315e-05,-0.025756509413142892,True
modulation_dominant_mag,Kajri,Uttarakhandi,133373796.0,0.487054743942804,0.004493378654951141,False
modulation_dominant_mag,Maand,Sohar,118689889.0,7.88675186584649e-05,-0.026546105810268505,True
modulation_dominant_mag,Maand,Sufi,202591916.0,3.049652461301824e-207,-0.1850441414970152,True
modulation_dominant_mag,Maand,Uttarakhandi,133680619.0,1.616775782943349e-117,-0.1538917338990209,True
modulation_dominant_mag,Sohar,Sufi,146019808.0,4.840975689357051e-147,-0.16977873856813552,True
modulation_dominant_mag,Sohar,Uttarakhandi,96075879.5,9.471078185487711e-80,-0.13577032599472227,True
modulation_dominant_mag,Sufi,Uttarakhandi,120666972.0,9.963598842788681e-08,0.03525565087578708,True
ac_std,Bauls,Bhatiali,31362262.5,6.188685944550572e-71,0.15724106379891334,True
ac_std,Bauls,Gidha,34728965.5,0.9458345650538384,0.0009876651526178337,False
ac_std,Bauls,Kajri,87293656.0,0.6426736325823134,-0.003946567299785597,False
ac_std,Bauls,Maand,66757885.5,1.6552084324650995e-48,0.11212165887953018,True
ac_std,Bauls,Sohar,59603220.0,4.0345870593544925e-26,-0.08567577388926884,True
ac_std,Bauls,Sufi,76083776.5,1.2118185873743173e-16,0.06271824088534728,True
ac_std,Bauls,Uttarakhandi,48856771.0,2.1469878366285394e-43,0.11184848071696707,True
ac_std,Bhatiali,Gidha,42154567.5,2.395013042961894e-75,-0.16333031258982755,True
ac_std,Bhatiali,Kajri,103393174.5,5.513692660326739e-81,-0.14077288272257138,True
ac_std,Bhatiali,Maand,82356329.0,1.726550643151524e-11,-0.050817441243978356,True
ac_std,Bhatiali,Sohar,72239856.5,2.6930798585490222e-236,-0.2623701070304649,True
ac_std,Bhatiali,Sufi,92978040.5,4.323945043763815e-40,-0.09884869359524351,True
ac_std,Bhatiali,Uttarakhandi,59933370.5,1.5917106963818346e-08,-0.045226489045707696,True
ac_std,Gidha,Kajri,84682962.0,0.9789269675441828,-0.00019892254422426703,False
ac_std,Gidha,Maand,64789124.5,4.488030496990508e-50,0.11505673793622595,True
ac_std,Gidha,Sohar,58531494.5,3.425827136273528e-31,-0.09492018828629556,True
ac_std,Gidha,Sufi,73958714.5,4.117706796755772e-17,0.06431453358090045,True
ac_std,Gidha,Uttarakhandi,47290878.0,1.145638361346129e-46,0.11711913237702443,True
ac_std,Kajri,Maand,164346947.0,7.267663684418676e-67,0.10252188117966254,True
ac_std,Kajri,Sohar,143273651.0,3.494553215364932e-28,-0.0715392676563138,True
ac_std,Kajri,Sufi,186629348.5,6.320965722773311e-22,0.05600567713683091,True
ac_std,Kajri,Uttarakhandi,120046866.0,1.0844522238772671e-57,0.10396604461402736,True
ac_std,Maand,Sohar,140325655.5,1.4968236937566459e-224,-0.2136733500424648,True
ac_std,Maand,Sufi,179480786.0,1.3853076846257724e-16,-0.049857556806854664,True
ac_std,Maand,Uttarakhandi,115429546.5,0.6426736325823134,0.0036461489300655403,False
ac_std,Sohar,Sufi,104725594.0,2.592183207628469e-132,0.16103318499693753,True
ac_std,Sohar,Uttarakhandi,66902927.0,1.492839751258983e-186,0.20910056088748985,True
ac_std,Sufi,Uttarakhandi,118415345.0,5.63685101661311e-16,0.05325763094192737,True
ac_peak_lag,Bauls,Bhatiali,37014726.5,1.309609656550808e-06,0.005349453697284345,True
ac_peak_lag,Bauls,Gidha,33364356.5,1.114821278285667e-68,0.040241964945790576,True
ac_peak_lag,Bauls,Kajri,86270990.5,1.545360106420223e-11,0.007814900431854954,True
ac_peak_lag,Bauls,Maand,73356703.5,3.0791712136765645e-41,0.02435753131147078,True
ac_peak_lag,Bauls,Sohar,55019157.0,5.840869272097275e-06,-0.0021768262639196845,True
ac_peak_lag,Bauls,Sufi,77825761.0,2.479102344338558e-73,0.04125860294912498,True
ac_peak_lag,Bauls,Uttarakhandi,54499515.5,1.8825611628643965e-13,0.009270844126923583,True
ac_peak_lag,Bhatiali,Gidha,34966090.5,9.971611591904825e-49,0.03504850354806277,True
ac_peak_lag,Bhatiali,Kajri,90409019.5,0.04829702660182091,0.002485818837720588,True
ac_peak_lag,Bhatiali,Maand,76879192.0,9.804406224700144e-25,0.019067547044932853,True
ac_peak_lag,Bhatiali,Sohar,57656170.0,6.305646827162013e-21,-0.007524502680409828,True
ac_peak_lag,Bhatiali,Sufi,81558214.0,4.578719662808012e-56,0.03611501786960869,True
ac_peak_lag,Bhatiali,Uttarakhandi,57113017.0,0.0047357881716874025,0.003959935179720708,True
ac_peak_lag,Gidha,Kajri,87414554.5,1.3500265342955835e-71,-0.032462034400537076,True
ac_peak_lag,Gidha,Maand,74388663.5,8.980171456389957e-12,-0.016061677731953328,True
ac_peak_lag,Gidha,Sohar,55721195.0,2.556595618835809e-120,-0.04234928293070306,True
ac_peak_lag,Gidha,Sufi,78888152.0,0.46759038156457,0.0019499690051965057,False
ac_peak_lag,Gidha,Uttarakhandi,55214790.0,1.8572640149924305e-46,-0.030813631771023475,True
ac_peak_lag,Kajri,Maand,180086909.0,7.716154602875485e-34,0.016567917665733733,True
ac_peak_lag,Kajri,Sohar,135044333.5,1.277557189628938e-28,-0.009992452971865795,True
ac_peak_lag,Kajri,Sufi,191073046.0,1.7588343136309912e-95,0.03352890568455713,True
ac_peak_lag,Kajri,Uttarakhandi,133781988.5,0.22056510936587923,0.0014466157320949247,False
ac_peak_lag,Maand,Sohar,118683864.5,1.1116374251198975e-75,-0.026494000049056998,True
ac_peak_lag,Maand,Sufi,167966596.5,1.6340697987402398e-19,0.017493713078274742,True
ac_peak_lag,Maand,Uttarakhandi,117591225.5,5.65664614000203e-20,-0.015012827577539412,True
ac_peak_lag,Sohar,Sufi,119413813.5,6.632694560512713e-125,0.043364444612606245,True
ac_peak_lag,Sohar,Uttarakhandi,83622867.0,1.9638059671157065e-32,0.011444168843613767,True
ac_peak_lag,Sufi,Uttarakhandi,129065235.0,6.308978035962776e-59,-0.031889290589297126,True
ac_mean,Bauls,Bhatiali,38363044.0,0.0004970070818688406,-0.030882199614121753,True
ac_mean,Bauls,Gidha,41706586.0,1.5600804921356374e-109,-0.19973034780932775,True
ac_mean,Bauls,Kajri,84500894.5,0.00018545737033226356,0.028172414189682637,True
ac_mean,Bauls,Maand,80520615.5,2.5025597838360968e-20,-0.07092233345436316,True
ac_mean,Bauls,Sohar,62458758.0,9.514439833421534e-65,-0.13768954811187317,True
ac_mean,Bauls,Sufi,85780944.5,7.958244081482823e-14,-0.05674190028509418,True
ac_mean,Bauls,Uttarakhandi,60187435.5,3.6097414309075083e-31,-0.09412802334142278,True
ac_mean,Bhatiali,Gidha,41911324.0,1.9145463158009513e-69,-0.15661757530719633,True
ac_mean,Bhatiali,Kajri,85538609.0,3.3650074233926945e-14,0.05622275314693159,True
ac_mean,Bhatiali,Maand,80996244.5,1.0508206207058437e-05,-0.03346357747273632,True
ac_mean,Bhatiali,Sohar,62992799.0,2.5019052858857255e-36,-0.10078051464261373,True
ac_mean,Bhatiali,Sufi,86481762.0,0.003195831845053732,-0.022073283997792625,True
ac_mean,Bhatiali,Uttarakhandi,60454020.0,1.2332128714948636e-11,-0.054306516488989987,True
ac_mean,Gidha,Kajri,65968718.5,1.394533111251339e-187,0.2208368766632981,True
ac_mean,Gidha,Maand,63234212.5,1.7173678708215165e-69,0.1362950076014089,True
ac_mean,Gidha,Sohar,50258084.5,2.7670978226311825e-13,0.059846467039235574,True
ac_mean,Gidha,Sufi,67269819.0,1.6136223872255108e-84,0.14893880467671716,True
ac_mean,Gidha,Uttarakhandi,46960118.5,1.7394220557296395e-51,0.12329413370253461,True
ac_mean,Kajri,Maand,200708528.0,6.837191416207587e-59,-0.09604416406128324,True
ac_mean,Kajri,Sohar,155408700.5,9.537545498615757e-138,-0.16229693288956115,True
ac_mean,Kajri,Sufi,214257897.0,5.648132255120681e-47,-0.08374293765806962,True
ac_mean,Kajri,Uttarakhandi,150065828.0,2.834980571346627e-76,-0.1200965248947945,True
ac_mean,Maand,Sohar,123781843.0,5.86650636563033e-26,-0.07058629822855456,True
ac_mean,Maand,Sufi,168272031.0,0.0089252453413883,0.015707100009093478,True
ac_mean,Maand,Uttarakhandi,118000160.0,0.005553420637812179,-0.018542629749207507,True
ac_mean,Sohar,Sufi,114322582.0,2.521095055169477e-37,0.08415079026941163,True
ac_mean,Sohar,Uttarakhandi,80155876.0,3.389459472881162e-13,0.05242953914449944,True
ac_mean,Sufi,Uttarakhandi,129724347.0,1.8192229674112602e-08,-0.03715895607356856,True
tempogram_dominant_lag,Bauls,Bhatiali,37235996.0,0.08524554050672971,-0.0005964454046616385,False
tempogram_dominant_lag,Bauls,Gidha,34787984.0,0.0291784266486451,-0.0007100591715976101,True
tempogram_dominant_lag,Bauls,Kajri,87003796.0,0.009944454956916846,-0.0006129464465414181,True
tempogram_dominant_lag,Bauls,Maand,75186590.0,1.0,2.0082965256462693e-05,False
tempogram_dominant_lag,Bauls,Sohar,54938632.0,0.006065478547928193,-0.0007100591715976101,True
tempogram_dominant_lag,Bauls,Sufi,81063519.0,0.02125612256641177,0.001372418884279858,True
tempogram_dominant_lag,Bauls,Uttarakhandi,55048560.0,0.006065478547928193,-0.0007100591715976101,True
tempogram_dominant_lag,Bhatiali,Gidha,36240226.0,0.4248941712709172,-0.00011353315168038947,False
tempogram_dominant_lag,Bhatiali,Kajri,90635803.0,1.0,-1.6362455193652536e-05,False
tempogram_dominant_lag,Bhatiali,Maand,78325234.5,0.06816274066702051,0.000616910667247228,False
tempogram_dominant_lag,Bhatiali,Sohar,57232073.0,0.33092299777000816,-0.00011353315168038947,False
tempogram_dominant_lag,Bhatiali,Sufi,84447491.5,0.000351656039892671,0.0019684732743918687,True
tempogram_dominant_lag,Bhatiali,Uttarakhandi,57346590.0,0.33092299777000816,-0.00011353315168038947,False
tempogram_dominant_lag,Gidha,Kajri,84657892.0,0.4519326417729542,9.718172983474993e-05,False
tempogram_dominant_lag,Gidha,Maand,73159262.0,0.028398115428722445,0.0007305012362328611,True
tempogram_dominant_lag,Gidha,Sohar,53457316.0,1.0,0.0,False
tempogram_dominant_lag,Gidha,Sufi,78877722.0,0.000241235187254355,0.0020819236974964905,True
tempogram_dominant_lag,Gidha,Uttarakhandi,53564280.0,1.0,0.0,False
tempogram_dominant_lag,Kajri,Maand,183004853.0,0.006065478547928193,0.0006333904977718907,True
tempogram_dominant_lag,Kajri,Sohar,133721254.0,0.3481825217774313,-9.718172983474993e-05,False
tempogram_dominant_lag,Kajri,Sufi,197309343.0,3.0930102008390496e-08,0.001984944292607982,True
tempogram_dominant_lag,Kajri,Uttarakhandi,133988820.0,0.3481825217774313,-9.718172983474993e-05,False
tempogram_dominant_lag,Maand,Sohar,115705073.0,0.006065478547928193,-0.0007305012362328611,True
tempogram_dominant_lag,Maand,Sufi,170726124.5,0.0027488477688930335,0.0013520892945450003,True
tempogram_dominant_lag,Maand,Uttarakhandi,115936590.0,0.006065478547928193,-0.0007305012362328611,True
tempogram_dominant_lag,Sohar,Sufi,124566981.0,1.817037257354982e-06,0.0020819236974964905,True
tempogram_dominant_lag,Sohar,Uttarakhandi,84590940.0,1.0,0.0,False
tempogram_dominant_lag,Sufi,Uttarakhandi,125337030.0,1.817037257354982e-06,-0.0020819236974964905,True
