feature,H_statistic,p_value,n_total,k_groups,eta_squared_H,p_value_fdr_bh,significant_after_fdr,rank_by_significance,rank_by_effect_size,combined_rank
energy_min,16946.368384490812,0.0,109089,8,0.1552916491826332,0.0,True,1.0,1.0,2.0
frame_entropy_mean,16316.431731087936,0.0,109089,8,0.14951670530237104,0.0,True,1.0,2.0,3.0
energy_mean,15721.350284551474,0.0,109089,8,0.14406129650948812,0.0,True,1.0,3.0,4.0
energy_max,15038.41506237375,0.0,109089,8,0.13780048828277838,0.0,True,1.0,4.0,5.0
tempogram_var,9412.285333688107,0.0,109089,8,0.08622294747653676,0.0,True,1.0,5.0,6.0
frame_entropy_std,9249.440276981162,0.0,109089,8,0.08473006551994539,0.0,True,1.0,6.0,7.0
ac_peak_value,8630.009387605176,0.0,109089,8,0.07905143322489872,0.0,True,1.0,7.0,8.0
rhythm_hist_dominant_value,7670.530079920226,0.0,109089,8,0.07025540726542868,0.0,True,1.0,8.0,9.0
onset_peak_count,7310.933485938759,0.0,109089,8,0.06695880571262419,0.0,True,1.0,9.0,10.0
onset_density,7310.933485938759,0.0,109089,8,0.06695880571262419,0.0,True,1.0,9.0,10.0
modulation_centroid,7211.471743048364,0.0,109089,8,0.06604699024622404,0.0,True,1.0,11.0,12.0
rhythm_hist_dominant_bin,7060.085014817277,0.0,109089,8,0.06465915250884459,0.0,True,1.0,12.0,13.0
rhythm_hist_std,6406.161172761741,0.0,109089,8,0.0586643060914526,0.0,True,1.0,13.0,14.0
energy_range,6379.908080399139,0.0,109089,8,0.05842363088346402,0.0,True,1.0,14.0,15.0
flux_sum,6280.961810009896,0.0,109089,8,0.0575165410108992,0.0,True,1.0,15.0,16.0
flux_mean,6280.961797821212,0.0,109089,8,0.057516540899159446,0.0,True,1.0,16.0,17.0
onset_mean,6076.842586332843,0.0,109089,8,0.05564527815415006,0.0,True,1.0,17.0,18.0
rhythm_hist_entropy,5921.231547595961,0.0,109089,8,0.054218714052822775,0.0,True,1.0,18.0,19.0
energy_std,5408.366022241872,0.0,109089,8,0.049517019666503535,0.0,True,1.0,19.0,20.0
modulation_energy,5408.1087262543615,0.0,109089,8,0.04951466090569725,0.0,True,1.0,20.0,21.0
energy_skew,4603.147818607561,0.0,109089,8,0.04213518228296001,0.0,True,1.0,21.0,22.0
flux_std,4202.2146791263185,0.0,109089,8,0.038459627974865636,0.0,True,1.0,22.0,23.0
onset_std,4100.139230405622,0.0,109089,8,0.03752385136188357,0.0,True,1.0,23.0,24.0
modulation_dominant_freq_bin,3491.913919276622,0.0,109089,8,0.03194794619848206,0.0,True,1.0,24.0,25.0
temporal_entropy,3403.0432760846256,0.0,109089,8,0.031133224632013144,0.0,True,1.0,25.0,26.0
flux_max,3004.5923303189084,0.0,109089,8,0.027480425833269848,0.0,True,1.0,26.0,27.0
onset_max,2977.871676346676,0.0,109089,8,0.027235464254514313,0.0,True,1.0,27.0,28.0
modulation_dominant_mag,2144.32521255543,0.0,109089,8,0.019593927563511793,0.0,True,1.0,28.0,29.0
ac_std,1714.0241559099145,0.0,109089,8,0.015649142892986995,0.0,True,1.0,29.0,30.0
ac_peak_lag,1450.7700922441657,3.986757197176477e-309,109089,8,0.013235761427234493,4.385432916894126e-309,True,30.0,30.0,60.0
ac_mean,1342.523737093437,1.0518319729033408e-285,109089,8,0.012243413033373703,1.1196921001874272e-285,True,31.0,31.0,62.0
tempogram_dominant_lag,109.3542617003017,1.2499822750979047e-20,109089,8,0.0009383326308000633,1.2890442211947141e-20,True,32.0,32.0,64.0
