feature,rf_importance,rf_rank,eta_squared_H,eta_rank
frame_entropy_mean,0.09192869116277622,1,0.149516705302371,3.0
modulation_dominant_freq_bin,0.05759286477120134,2,0.031947946198482,25.0
frame_entropy_std,0.05639115521651629,3,0.0847300655199453,7.0
energy_mean,0.05187432741935979,4,0.1440612965094881,4.0
flux_sum,0.044916828535995316,5,0.0575165410108992,16.0
flux_mean,0.044216312235337826,6,0.0575165408991594,17.0
energy_max,0.04398982994085643,7,0.1378004882827783,5.0
energy_skew,0.043241013653143076,8,0.04213518228296,22.0
energy_min,0.039834169485678646,9,0.1552916491826332,2.0
tempogram_var,0.03781075269971065,10,0.0862229474765367,6.0
onset_mean,0.034453801969837175,11,0.05564527815415,18.0
flux_std,0.03125366294303317,12,0.0384596279748656,23.0
onset_std,0.03057620158266308,13,0.0375238513618835,24.0
ac_peak_value,0.029740960250199913,14,0.0790514332248987,8.0
temporal_entropy,0.028795299992237802,15,0.0311332246320131,26.0
ac_std,0.026282129833103043,16,0.0156491428929869,30.0
energy_range,0.025457737099308084,17,0.058423630883464,15.0
modulation_dominant_mag,0.025305279225351574,18,0.0195939275635117,29.0
modulation_energy,0.024229405344190567,19,0.0495146609056972,21.0
energy_std,0.02406038892252057,20,0.0495170196665035,20.0
rhythm_hist_dominant_value,0.023975986796342587,21,0.0702554072654286,9.0
rhythm_hist_std,0.02309028191433577,22,0.0586643060914526,14.0
rhythm_hist_entropy,0.022590996845556485,23,0.0542187140528227,19.0
modulation_centroid,0.022223370119188027,24,0.066046990246224,12.0
ac_mean,0.021265870439727396,25,0.0122434130333737,62.0
onset_max,0.020669312310826745,26,0.0272354642545143,28.0
flux_max,0.02059937537854848,27,0.0274804258332698,27.0
onset_density,0.016479571357559487,28,0.0669588057126241,10.0
onset_peak_count,0.016307895395599382,29,0.0669588057126241,10.0
rhythm_hist_dominant_bin,0.011763888795056354,30,0.0646591525088445,13.0
tempogram_mean_energy,0.008348928756627533,31,,
ac_peak_lag,0.0007247880409613406,32,0.0132357614272344,60.0
tempogram_dominant_lag,8.921566649884246e-06,33,0.0009383326308,64.0
