feature,H_statistic,p_value_fdr_bh,eta_squared_H
energy_min,16946.3684,0.0,0.1553
frame_entropy_mean,16316.4317,0.0,0.1495
energy_mean,15721.3503,0.0,0.1441
energy_max,15038.4151,0.0,0.1378
tempogram_var,9412.2853,0.0,0.0862
frame_entropy_std,9249.4403,0.0,0.0847
ac_peak_value,8630.0094,0.0,0.0791
rhythm_hist_dominant_value,7670.5301,0.0,0.0703
onset_peak_count,7310.9335,0.0,0.067
onset_density,7310.9335,0.0,0.067
modulation_centroid,7211.4717,0.0,0.066
rhythm_hist_dominant_bin,7060.085,0.0,0.0647
rhythm_hist_std,6406.1612,0.0,0.0587
energy_range,6379.9081,0.0,0.0584
flux_sum,6280.9618,0.0,0.0575
flux_mean,6280.9618,0.0,0.0575
onset_mean,6076.8426,0.0,0.0556
rhythm_hist_entropy,5921.2315,0.0,0.0542
energy_std,5408.366,0.0,0.0495
modulation_energy,5408.1087,0.0,0.0495
energy_skew,4603.1478,0.0,0.0421
flux_std,4202.2147,0.0,0.0385
onset_std,4100.1392,0.0,0.0375
modulation_dominant_freq_bin,3491.9139,0.0,0.0319
temporal_entropy,3403.0433,0.0,0.0311
flux_max,3004.5923,0.0,0.0275
onset_max,2977.8717,0.0,0.0272
modulation_dominant_mag,2144.3252,0.0,0.0196
ac_std,1714.0242,0.0,0.0156
ac_peak_lag,1450.7701,0.0,0.0132
ac_mean,1342.5237,0.0,0.0122
tempogram_dominant_lag,109.3543,0.0,0.0009
