feature,levene_stat,levene_p
energy_mean,815.3869622539818,0.0
energy_std,124.05574943344223,1.7565141037297164e-182
energy_max,1045.2879970029564,0.0
energy_min,166.3948162315116,6.272088083966024e-246
energy_range,99.00575568016725,6.43143029239814e-145
energy_skew,459.7626745552668,0.0
flux_mean,915.9301411283425,0.0
flux_std,130.7151856046712,1.821237237585347e-192
flux_max,60.06580632642094,1.4448926923686826e-86
flux_sum,915.9301418466447,0.0
ac_peak_lag,227.9629025564738,0.0
ac_peak_value,458.6682259547671,0.0
ac_mean,178.83812172785056,1.471431369286703e-264
ac_std,250.82653153250132,0.0
temporal_entropy,250.82189472140396,0.0
frame_entropy_mean,1430.5298334248796,0.0
frame_entropy_std,122.96200643386003,7.666271964609928e-181
modulation_dominant_freq_bin,1025.536993752506,0.0
modulation_dominant_mag,86.3444453124699,6.206980804059084e-126
modulation_energy,64.19079177860297,9.68556465852472e-93
modulation_centroid,107.49217184710281,1.2079726747784354e-157
rhythm_hist_dominant_bin,951.6976685286966,0.0
rhythm_hist_dominant_value,204.51722904496407,5.658206179118282e-303
rhythm_hist_entropy,139.0638617276011,5.565832748878247e-205
rhythm_hist_std,127.2760131534118,2.6088452993202517e-187
tempogram_dominant_lag,17.32133858486619,4.3402067573837866e-23
tempogram_stability,,
tempogram_mean_energy,7.3346425758271945,7.905942273647117e-09
tempogram_var,60.847826616015126,9.76468564721835e-88
onset_mean,364.7619817687895,0.0
onset_std,131.35853149415837,1.9764696120176129e-193
onset_max,64.70242509286369,1.6602575148216436e-93
onset_peak_count,222.68833706180254,0.0
onset_density,222.68833706180263,0.0
